Energy,Sat_Fat,Sugar,Sodium,Protein,Fiber,Source,FSSAI_Stars
479.0,9.4,32.5,114.0,5.9,0.0,Packaged,3.0
483.0,10.3,12.7,362.0,9.3,6.7,Packaged,3.0
507.0,12.7,35.7,181.5,7.3,0.0,Packaged,3.0
105.0,3.2,6.8,35.1,1.2,0.0,Packaged,4.0
445.0,5.6,21.3,292.4,9.1,0.0,Packaged,2.5
512.0,11.0,22.0,0.0,7.0,0.0,Packaged,3.0
538.0,14.0,25.0,160.0,10.0,8.0,Packaged,3.0
493.5,10.1,38.3,119.0,5.0,0.0,Packaged,3.0
516.9,11.8,5.0,203.7,8.2,12.0,Packaged,4.0
512.0,11.0,22.0,0.0,7.0,0.0,Packaged,3.0
483.0,9.5,33.5,214.0,5.0,0.0,Packaged,2.5
532.0,6.04,34.7,260.0,6.5,8.0,Packaged,3.0
437.2,10.8,40.0,243.5,3.8,0.0,Packaged,2.5
464.0,8.5,2.1,404.0,9.4,9.2,Packaged,3.5
503.2,12.3,6.2,231.3,12.2,10.1,Packaged,4.0
463.0,8.0,30.5,274.0,6.0,0.0,Packaged,2.5
512.0,11.0,22.0,0.0,7.0,0.0,Packaged,3.0
509.0,12.0,19.3,419.5,9.1,0.0,Packaged,2.5
488.55,10.72,13.57,61.78,9.55,4.66,Packaged,3.5
486.0,9.4,24.0,309.0,7.4,0.0,Packaged,2.5
506.0,11.5,20.8,592.0,6.4,0.0,Packaged,2.5
471.0,12.2,28.0,213.0,5.8,0.0,Packaged,3.0
500.0,12.9,30.2,204.0,7.0,0.0,Packaged,3.0
535.0,15.4,29.0,491.4,7.4,0.0,Packaged,2.5
278.0,2.9,3.5,176.0,12.0,8.0,Packaged,5.0
512.0,13.7,31.5,536.0,68.0,0.0,Packaged,2.5
478.0,8.6,19.5,385.0,8.0,8.4,Packaged,3.0
417.0,8.9,42.0,0.0,10.5,18.6,Packaged,4.0
506.0,15.0,26.6,640.0,7.0,0.0,Packaged,2.5
464.0,11.9,25.6,209.0,6.5,0.0,Packaged,3.0
487.0,10.0,26.0,195.0,5.5,0.0,Packaged,3.0
471.0,8.5,15.6,351.0,7.8,8.0,Packaged,3.0
453.4,7.5,28.2,0.0,7.4,0.0,Packaged,3.0
478.0,9.2,32.0,142.0,5.8,0.0,Packaged,3.0
448.6,8.6,24.0,209.0,6.4,0.0,Packaged,3.0
466.0,8.9,31.2,305.0,7.2,0.0,Packaged,2.5
503.0,10.3,22.8,0.0,7.8,0.0,Packaged,3.0
490.0,10.6,21.7,376.0,7.2,0.0,Packaged,2.5
489.0,10.6,30.6,197.0,5.8,0.0,Packaged,3.0
488.0,14.2,21.3,527.0,7.6,0.0,Packaged,2.5
310.0,16.0,8.0,671.0,4.0,6.0,Packaged,3.0
470.0,10.5,30.0,240.0,6.0,0.0,Packaged,3.0
549.0,20.2,4.0,122.7,9.5,0.0,Packaged,3.5
549.7,2.0,15.9,577.8,6.7,0.0,Packaged,3.0
263.0,8.1,10.0,0.0,10.0,4.0,Packaged,4.0
239.0,4.0,11.0,129.0,10.0,4.0,Packaged,4.5
500.0,13.0,24.0,240.0,10.0,4.0,Packaged,3.0
492.3,15.0,20.5,259.7,7.8,0.1,Packaged,3.0
480.0,10.0,31.2,150.5,7.3,0.0,Packaged,3.0
480.0,5.0,29.0,90.0,7.0,4.0,Packaged,3.5
57.0,1.28,1.69,19.0,1.29,1.08,Packaged,4.5
470.0,8.3,18.1,527.0,7.9,6.5,Packaged,3.0
488.0,14.2,21.3,527.0,7.6,0.0,Packaged,2.5
466.0,17.0,34.0,197.0,4.7,0.66,Packaged,2.5
484.0,22.1,0.0,0.0,6.2,0.0,Packaged,4.0
494.0,11.0,22.0,0.0,7.0,0.0,Packaged,3.0
79.5,3.8,4.2,0.0,1.2,0.3,Packaged,4.0
536.0,13.8,33.5,118.0,4.3,0.0,Packaged,3.0
444.4,14.6,0.5,85.0,6.3,0.0,Packaged,4.0
459.0,6.6,26.0,298.0,7.4,0.0,Packaged,2.5
73.5,3.0,3.8,54.0,1.4,0.3,Packaged,4.5
550.0,23.0,40.0,55.97,7.0,1.0,Packaged,3.0
557.0,12.0,23.0,90.0,12.0,4.0,Packaged,3.0
458.0,15.0,23.0,273.0,6.0,4.0,Packaged,3.0
454.0,6.0,25.5,296.0,6.3,0.0,Packaged,2.5
434.0,4.2,25.1,0.0,7.6,0.0,Packaged,3.0
529.0,15.6,25.5,319.0,6.3,0.0,Packaged,2.5
462.0,6.8,27.7,281.0,6.7,0.0,Packaged,2.5
464.0,7.2,27.3,268.0,6.5,0.0,Packaged,3.0
575.0,24.7,28.0,143.0,6.2,0.0,Packaged,3.0
489.0,9.4,19.6,371.0,6.8,0.0,Packaged,2.5
464.0,6.8,24.5,261.0,7.3,0.0,Packaged,3.0
189.0,9.2,14.8,0.0,6.5,6.0,Packaged,4.0
495.0,9.9,7.7,0.0,7.7,0.0,Packaged,3.5
470.0,8.3,42.8,0.0,5.2,0.0,Packaged,3.0
502.0,12.0,30.0,0.0,6.0,0.0,Packaged,3.0
512.0,11.7,38.3,227.0,4.5,0.0,Packaged,2.5
451.0,5.7,20.0,0.0,7.7,0.0,Packaged,3.0
518.0,13.4,31.5,192.0,4.4,0.0,Packaged,2.5
492.0,9.7,18.6,224.0,8.1,7.7,Packaged,3.0
416.7,4.5,9.5,0.0,9.0,0.0,Packaged,3.5
483.67,11.85,24.61,129.12,7.46,3.46,Packaged,3.0
440.0,6.0,31.0,50.0,11.0,2.0,Packaged,3.0
409.0,1.0,32.0,720.0,10.0,4.0,Packaged,3.0
426.0,2.0,7.0,792.0,10.0,3.0,Packaged,3.5
494.5,9.0,37.9,140.0,4.8,0.0,Packaged,3.0
445.0,13.0,10.0,0.0,7.0,0.0,Packaged,3.5
449.0,5.5,25.5,255.0,7.3,0.0,Packaged,3.0
519.0,12.0,37.1,283.0,4.8,0.0,Packaged,2.5
525.0,15.0,7.5,1065.0,7.7,0.0,Packaged,3.0
485.0,9.3,22.6,462.0,6.8,0.0,Packaged,2.5
466.0,6.9,21.0,233.0,9.4,0.0,Packaged,3.0
512.0,14.1,32.0,200.0,6.1,0.0,Packaged,3.0
447.0,5.0,27.8,419.0,7.2,0.0,Packaged,2.5
452.0,6.3,22.0,308.8,8.9,0.0,Packaged,2.5
425.0,10.7,33.1,146.8,5.4,0.0,Packaged,3.0
484.0,10.6,14.8,898.4,8.0,0.0,Packaged,2.5
548.0,17.8,38.1,128.8,5.2,0.0,Packaged,3.0
452.0,6.3,22.0,308.8,8.9,0.0,Packaged,2.5
475.0,9.6,27.3,353.0,4.8,0.0,Packaged,2.5
482.0,9.6,20.5,423.6,12.3,4.7,Packaged,3.0
484.0,10.6,26.2,248.8,11.0,4.6,Packaged,3.0
461.0,9.8,18.3,298.1,7.5,6.9,Packaged,3.0
62.9,0.0,15.6,25.4,0.0,0.0,Packaged,4.0
62.4,0.0,15.4,121.0,0.0,0.0,Packaged,4.0
47.0,0.0,6.4,10.7,0.0,2.0,Packaged,4.5
115.0,21.9,21.9,10.5,1.6,0.4,Packaged,3.0
51.1,0.0,12.77,12.0,0.0,0.0,Packaged,4.0
63.0,0.0,14.9,21.9,0.0,0.0,Packaged,4.0
52.8,0.0,13.0,40.0,0.0,0.0,Packaged,4.0
18.0,0.0,4.4,0.21,0.21,0.0,Packaged,4.5
71.2,0.0,16.7,42.0,0.0,0.0,Packaged,4.0
0.0,0.0,0.0,7.5,0.0,0.0,Packaged,4.5
18.0,0.0,4.4,0.21,0.21,0.0,Packaged,4.5
64.0,0.0,15.0,9.0,0.0,0.0,Packaged,4.0
150.0,0.0,35.0,60.0,0.0,1.0,Packaged,3.5
18.0,0.0,4.4,0.21,0.21,0.0,Packaged,4.5
53.2,0.0,11.5,54.0,0.0,0.0,Packaged,4.5
50.0,0.0,2.7,0.0,0.1,0.75,Packaged,4.5
49.0,0.0,12.3,14.0,0.0,0.0,Packaged,4.5
50.0,0.0,10.8,7.3,0.0,0.0,Packaged,4.5
55.6,0.0,13.5,105.0,0.0,0.0,Packaged,4.0
49.0,0.0,12.3,110.0,0.0,0.0,Packaged,4.0
60.0,0.0,15.1,3.0,0.1,0.0,Packaged,4.0
50.0,0.0,12.5,72.0,0.0,0.0,Packaged,4.5
46.0,0.0,11.0,5.8,0.0,0.0,Packaged,4.5
150.0,0.0,33.0,125.0,0.0,0.0,Packaged,3.5
29.1,0.0,6.5,6.7,0.2,0.0,Packaged,4.5
48.0,0.0,12.0,2.7,0.0,0.0,Packaged,4.5
48.0,0.0,11.9,64.4,0.0,0.0,Packaged,4.5
57.0,0.0,13.5,3.0,0.0,0.0,Packaged,4.0
42.0,0.0,10.2,25.0,0.0,0.0,Packaged,4.5
49.22,0.0,1.5,0.0,0.03,0.75,Packaged,4.5
50.0,0.0,11.0,5.0,0.1,0.0,Packaged,4.5
48.0,0.0,12.0,40.0,0.0,0.0,Packaged,4.5
56.4,13.0,0.0,0.0,0.1,0.0,Packaged,4.0
51.0,0.0,12.5,5.2,0.1,0.0,Packaged,4.5
54.0,0.0,13.5,10.5,0.0,0.0,Packaged,4.0
43.1,0.1,9.8,2.8,0.5,0.0,Packaged,4.5
50.0,0.0,12.5,15.0,0.1,0.0,Packaged,4.5
41.7,0.0,8.69,1.04,0.45,0.91,Packaged,4.5
43.0,0.0,10.5,26.0,0.0,0.0,Packaged,4.5
45.0,0.0,11.2,60.0,0.0,0.0,Packaged,4.5
115.0,0.1,21.9,10.5,1.6,0.4,Packaged,4.0
27.2,0.0,5.81,21.54,0.2,0.0,Packaged,4.5
102.0,0.0,25.0,37.0,0.0,0.4,Packaged,3.5
62.46,0.6,14.1,2.2,0.69,0.7,Packaged,4.0
46.0,0.0,11.0,23.0,0.0,0.0,Packaged,4.5
47.0,0.0,11.2,25.0,0.0,0.0,Packaged,4.5
46.0,0.0,11.0,22.0,0.0,0.0,Packaged,4.5
46.0,0.0,15.0,27.0,0.0,0.0,Packaged,4.0
46.0,0.0,11.0,25.0,0.0,0.0,Packaged,4.5
103.0,0.0,24.5,0.0,0.0,0.0,Packaged,3.5
40.0,0.5,1.2,0.0,0.5,0.0,Packaged,4.5
40.0,0.5,1.5,0.0,0.5,0.0,Packaged,4.5
40.0,0.5,1.5,0.0,0.5,0.0,Packaged,4.5
48.0,0.5,1.4,0.0,0.5,0.0,Packaged,4.5
51.8,0.0,12.9,21.2,0.0,0.0,Packaged,4.0
61.2,0.0,14.6,0.0,0.0,0.0,Packaged,4.0
57.0,0.0,14.3,1.5,0.0,0.0,Packaged,4.0
45.2,0.0,11.3,12.0,0.0,0.0,Packaged,4.5
40.1,0.0,4.5,8.0,0.4,0.0,Packaged,4.5
20.0,0.0,4.7,8.0,0.1,0.3,Packaged,4.5
42.68,0.0,10.56,21.62,0.0,0.0,Packaged,4.5
47.0,0.0,11.6,160.0,0.1,0.0,Packaged,4.0
56.0,0.0,13.7,22.3,0.0,0.0,Packaged,4.0
46.0,0.0,11.0,120.0,0.0,0.0,Packaged,4.0
48.0,0.0,11.9,133.2,0.0,0.0,Packaged,4.0
0.0,0.0,0.0,3.3,0.0,0.0,Packaged,4.5
42.0,0.0,11.0,110.0,0.0,0.0,Packaged,4.0
46.0,0.0,11.5,285.0,0.0,0.0,Packaged,4.0
90.0,0.0,19.2,150.1,0.0,0.0,Packaged,3.5
84.0,0.0,18.8,144.8,0.0,0.0,Packaged,3.5
84.0,0.0,19.1,160.3,0.0,0.0,Packaged,3.5
40.7,0.0,9.5,0.0,0.0,0.0,Packaged,4.5
38.6,0.0,9.4,0.0,0.0,0.0,Packaged,4.5
40.0,0.0,9.5,0.0,0.0,0.0,Packaged,4.5
186.0,0.0,10.0,0.0,0.0,0.0,Packaged,4.0
85.0,0.0,4.9,0.0,0.0,0.0,Packaged,4.5
47.0,0.0,11.5,2.9,0.0,0.0,Packaged,4.5
44.0,0.0,10.7,5.5,0.0,0.0,Packaged,4.5
31.0,0.0,2.5,27.0,0.0,0.0,Packaged,4.5
49.0,0.0,11.7,0.0,0.0,0.0,Packaged,4.5
47.0,0.0,11.7,18.0,0.0,0.0,Packaged,4.5
42.0,0.0,10.6,65.0,0.0,0.0,Packaged,4.5
49.0,0.0,12.3,8.0,0.0,0.0,Packaged,4.5
46.0,0.0,10.76,9.98,0.0,0.0,Packaged,4.5
22.0,0.0,5.5,8.5,0.0,0.0,Packaged,4.5
28.0,0.0,6.8,7.0,0.0,0.0,Packaged,4.5
28.0,0.0,6.8,41.0,0.0,0.0,Packaged,4.5
45.0,0.0,11.0,41.0,0.0,0.0,Packaged,4.5
1.0,0.0,0.0,45.0,0.0,0.0,Packaged,4.5
24.0,0.0,0.0,48.0,0.0,0.0,Packaged,4.5
24.0,0.0,0.0,48.0,0.0,0.0,Packaged,4.5
83.8,1.2,13.7,67.8,2.3,0.0,Packaged,4.0
83.8,1.2,13.7,67.8,2.3,0.0,Packaged,4.0
88.6,1.2,15.0,74.2,2.2,0.0,Packaged,4.0
166.2,3.71,21.4,0.0,3.94,0.0,Packaged,3.5
161.3,2.5,29.6,182.0,3.0,0.0,Packaged,3.5
155.6,3.0,21.4,103.0,3.6,0.0,Packaged,4.0
110.0,1.9,16.9,105.0,3.1,0.0,Packaged,4.0
98.0,1.9,13.4,47.2,3.4,0.0,Packaged,4.5
84.0,1.0,13.8,49.9,3.4,0.0,Packaged,4.5
136.0,0.2,8.0,221.0,25.0,0.0,Packaged,5.0
125.9,0.0,0.5,102.6,18.0,4.0,Packaged,5.0
101.5,2.1,8.5,88.0,3.4,0.0,Packaged,4.5
83.9,1.0,14.3,40.0,3.3,0.0,Packaged,4.5
84.0,1.5,9.5,0.0,3.3,0.0,Packaged,4.5
80.0,1.9,8.1,49.0,2.9,0.0,Packaged,5.0
164.0,3.5,0.0,0.0,5.6,0.0,Packaged,4.5
163.0,3.4,22.5,78.0,5.6,0.0,Packaged,4.0
164.0,3.5,22.5,78.0,5.6,0.0,Packaged,4.0
58.2,2.0,4.8,37.0,3.0,0.0,Packaged,5.0
164.0,3.5,22.5,78.0,5.6,16.0,Packaged,4.5
126.0,2.5,16.9,171.5,5.8,0.0,Packaged,4.0
138.0,1.75,21.8,232.0,7.0,0.2,Packaged,4.0
54.0,1.1,6.2,51.8,1.4,0.0,Packaged,4.5
126.0,2.5,16.9,165.4,5.8,0.0,Packaged,4.0
83.2,1.8,11.4,0.0,3.0,0.0,Packaged,4.5
83.2,1.8,11.4,0.0,3.0,0.0,Packaged,4.5
31.0,3.6,18.8,203.0,0.2,0.0,Packaged,3.0
79.3,9.0,39.0,68.9,4.3,0.0,Packaged,3.5
427.9,12.8,29.5,230.5,7.2,0.0,Packaged,3.0
380.0,2.0,22.0,125.0,6.0,2.0,Packaged,3.5
358.0,2.0,32.0,135.0,5.0,2.0,Packaged,3.5
450.0,9.0,30.1,252.6,5.7,0.0,Packaged,3.0
393.0,4.0,21.0,70.0,7.0,4.0,Packaged,4.0
448.0,2.0,22.0,60.0,9.0,3.0,Packaged,3.5
470.0,13.0,40.8,174.0,5.0,0.0,Packaged,3.0
425.7,12.1,34.6,186.9,6.2,0.0,Packaged,3.0
414.0,8.8,20.0,235.0,0.0,0.0,Packaged,2.5
407.83,4.21,28.81,103.66,6.75,0.0,Packaged,3.0
407.0,8.5,27.65,91.5,5.0,0.0,Packaged,3.0
466.0,14.1,40.3,203.0,3.8,0.0,Packaged,2.5
462.0,4.0,22.0,165.0,6.0,2.0,Packaged,3.0
398.0,11.1,21.0,213.3,6.9,0.0,Packaged,3.0
450.0,11.1,26.4,426.1,6.4,3.0,Packaged,2.5
401.3,7.4,24.2,268.2,6.8,2.8,Packaged,3.0
393.3,8.9,39.9,143.9,5.5,4.1,Packaged,3.0
423.22,10.84,25.32,265.31,7.58,0.0,Packaged,3.0
340.0,2.0,31.0,110.0,7.0,3.0,Packaged,3.5
370.5,5.8,24.9,435.2,5.5,0.0,Packaged,2.5
442.0,4.0,20.0,130.0,7.0,0.0,Packaged,3.5
433.03,24.31,26.5,0.0,7.39,0.0,Packaged,3.0
340.0,2.0,30.0,110.0,7.0,3.0,Packaged,3.5
394.0,10.7,18.4,194.3,6.9,0.0,Packaged,3.0
86.52,2.93,7.29,35.87,3.34,1.68,Packaged,4.5
293.3,6.2,37.3,43.7,4.6,0.0,Packaged,3.0
468.3,13.5,23.5,440.4,8.3,0.0,Packaged,2.5
479.0,9.4,41.5,79.1,7.1,0.0,Packaged,3.0
511.4,12.4,38.9,77.1,4.0,0.0,Packaged,3.0
474.3,15.5,23.6,605.0,7.2,0.0,Packaged,2.5
505.0,6.4,23.9,236.0,7.9,0.0,Packaged,3.0
326.94,7.27,29.8,114.69,4.9,1.8,Packaged,3.0
450.8,7.3,50.3,127.1,5.2,0.0,Packaged,3.0
469.0,5.7,24.6,169.2,6.1,0.0,Packaged,3.0
370.0,13.0,33.0,60.0,7.0,3.0,Packaged,3.0
439.2,3.7,3.1,1064.5,6.7,3.7,Packaged,3.5
567.0,17.8,7.2,343.0,3.24,7.6,Packaged,3.5
583.0,7.5,4.5,700.0,7.0,3.0,Packaged,3.0
537.0,12.5,3.4,643.0,6.7,0.0,Packaged,3.0
536.0,12.2,4.5,770.0,6.4,0.0,Packaged,3.0
531.0,14.2,1.5,824.6,7.1,0.0,Packaged,3.0
534.0,12.1,6.0,671.0,6.4,0.0,Packaged,3.0
539.0,12.5,2.5,826.0,6.9,0.0,Packaged,3.0
518.65,12.71,6.15,139.66,6.84,6.88,Packaged,4.0
567.0,7.7,4.0,1034.0,22.0,0.0,Packaged,3.0
558.0,15.5,2.0,680.0,5.6,0.0,Packaged,3.0
491.0,5.2,6.1,740.2,6.9,0.0,Packaged,3.0
504.0,10.4,1.6,862.0,8.2,0.0,Packaged,3.0
478.0,5.1,5.4,750.0,5.8,2.8,Packaged,3.0
553.0,13.2,0.6,510.0,6.7,0.0,Packaged,3.0
530.0,12.2,5.6,636.0,6.4,0.0,Packaged,3.0
578.0,21.31,0.11,660.0,10.2,0.0,Packaged,3.0
538.0,12.5,2.3,555.0,6.6,0.0,Packaged,3.0
554.0,16.3,1.3,1080.0,7.0,0.0,Packaged,3.0
480.0,4.7,3.7,990.0,5.4,0.0,Packaged,3.0
543.78,12.8,1.12,546.17,8.02,0.0,Packaged,3.0
537.0,14.8,3.4,643.0,6.7,0.0,Packaged,3.0
491.0,10.3,4.6,1238.0,5.5,0.0,Packaged,3.0
543.0,14.9,1.6,475.0,6.9,0.0,Packaged,3.0
325.0,5.53,0.0,916.1,20.36,0.0,Packaged,3.0
486.0,5.1,1.7,955.2,6.9,0.0,Packaged,3.0
518.27,12.7,6.2,139.7,6.8,6.9,Packaged,4.0
526.0,6.9,6.0,758.8,5.6,0.0,Packaged,3.0
521.0,13.9,3.9,731.3,6.3,0.0,Packaged,3.0
521.0,10.0,0.0,467.8,7.1,3.0,Packaged,3.0
564.0,6.0,2.0,560.0,10.0,0.0,Packaged,3.0
468.0,3.7,0.0,0.0,10.0,0.0,Packaged,4.0
507.6,13.8,8.5,1014.45,7.99,0.0,Packaged,3.0
630.0,9.0,4.0,630.0,20.0,0.0,Packaged,3.0
511.24,13.2,8.46,1009.93,6.71,0.0,Packaged,3.0
111.0,0.8,1.8,194.9,1.7,0.0,Packaged,4.5
108.3,0.7,1.3,217.7,2.2,0.0,Packaged,4.5
109.7,0.8,0.6,289.4,2.5,0.0,Packaged,4.5
109.0,0.7,0.6,246.7,2.1,0.0,Packaged,4.5
530.0,5.58,4.5,390.0,7.58,0.0,Packaged,3.0
580.0,6.8,4.0,800.0,14.0,0.0,Packaged,3.0
557.0,10.4,0.3,675.7,7.3,3.8,Packaged,3.0
468.0,5.8,1.5,477.6,3.4,5.0,Packaged,3.0
292.74,0.74,3.4,190.22,10.29,8.1,Packaged,5.0
464.0,4.5,8.5,880.0,7.9,0.0,Packaged,3.0
539.0,14.8,2.5,862.0,6.9,0.0,Packaged,3.0
543.0,14.1,4.8,0.0,8.4,0.0,Packaged,3.5
566.0,17.5,1.4,661.0,7.0,0.0,Packaged,3.0
536.0,8.1,2.4,1040.0,6.9,0.0,Packaged,3.0
546.58,32.0,0.0,65.24,1.7,2.8,Packaged,3.0
520.91,5.12,12.8,234.6,5.99,2.21,Packaged,3.0
554.0,15.7,0.8,385.0,7.7,7.2,Packaged,3.5
286.0,2.7,1.8,0.5,10.0,4.0,Packaged,5.0
521.0,10.0,0.0,467.8,7.1,3.0,Packaged,3.0
557.0,15.2,4.1,684.0,5.5,0.0,Packaged,3.0
523.0,14.0,0.4,469.0,5.0,0.0,Packaged,3.0
420.0,3.1,3.2,564.6,6.4,3.3,Packaged,3.5
593.0,19.5,1.7,1170.0,9.5,0.0,Packaged,3.0
289.0,2.8,1.9,500.0,10.0,4.0,Packaged,4.0
567.0,18.08,5.2,764.0,7.6,3.6,Packaged,3.0
514.6,6.9,0.5,190.0,0.0,2.45,Packaged,3.0
467.0,10.1,3.5,295.2,7.8,0.0,Packaged,3.5
490.0,10.7,1.5,254.0,7.8,11.2,Packaged,4.0
470.0,9.5,5.2,275.0,7.8,11.9,Packaged,3.5
510.0,9.5,0.5,315.0,7.8,11.2,Packaged,4.0
440.0,1.0,0.0,940.0,7.0,4.0,Packaged,4.0
257.0,2.0,2.0,370.0,5.0,5.0,Packaged,4.0
357.6,3.0,0.5,196.1,7.1,3.7,Packaged,4.5
486.0,4.9,6.9,960.0,7.0,0.0,Packaged,3.0
485.0,5.0,3.4,720.0,5.9,0.0,Packaged,3.0
552.0,7.6,1.0,790.0,8.0,3.5,Packaged,3.0
488.0,5.3,4.5,970.0,6.2,0.0,Packaged,3.0
584.0,10.3,2.0,930.0,9.9,0.0,Packaged,3.0
404.0,5.1,8.5,880.0,6.0,0.0,Packaged,3.0
469.0,4.5,2.0,400.0,21.7,12.0,Packaged,4.0
637.0,7.6,2.3,360.0,27.1,7.2,Packaged,3.5
533.0,13.22,0.0,834.82,16.03,11.83,Packaged,3.5
554.0,18.56,4.1,629.0,7.46,0.88,Packaged,3.0
526.0,13.45,10.3,480.0,6.61,4.6,Packaged,3.0
528.9,8.6,10.8,427.1,11.2,0.0,Packaged,3.0
476.0,5.64,0.0,390.0,21.31,7.52,Packaged,3.5
525.0,29.0,16.0,690.0,10.0,0.0,Packaged,2.5
526.0,10.13,0.0,525.0,7.83,2.46,Packaged,3.0
268.0,3.9,4.5,99.0,6.4,2.0,Packaged,4.0
586.0,10.2,0.0,76.0,19.3,0.42,Packaged,4.0
546.0,15.5,1.7,738.4,5.5,0.0,Packaged,3.0
540.0,13.65,0.0,388.0,15.64,6.17,Packaged,3.5
512.0,3.8,0.0,704.7,7.0,4.9,Packaged,3.5
549.0,6.9,1.5,401.0,13.0,6.2,Packaged,3.5
541.0,4.8,0.0,857.0,8.1,4.1,Packaged,3.5
545.0,4.6,0.0,545.0,7.1,4.9,Packaged,3.5
567.0,5.3,0.4,429.5,10.9,0.4,Packaged,3.0
597.41,40.2,0.0,62.16,20.3,3.6,Packaged,4.0
513.5,26.1,0.0,53.3,2.2,0.0,Packaged,3.5
552.0,15.1,0.8,632.5,8.3,0.0,Packaged,3.0
539.0,15.0,0.6,681.0,6.5,0.0,Packaged,3.0
352.2,0.25,0.0,510.0,7.0,2.0,Packaged,4.0
428.0,22.4,32.2,86.3,5.7,0.0,Packaged,3.0
531.0,19.6,57.0,129.0,7.9,0.0,Packaged,3.0
595.0,42.7,39.9,0.0,8.2,0.0,Packaged,3.0
444.0,10.1,55.5,170.0,3.3,0.0,Packaged,3.0
545.0,27.1,51.1,0.0,5.5,0.0,Packaged,3.0
543.0,19.2,50.6,85.6,6.6,0.0,Packaged,3.0
553.0,20.3,48.3,43.01,6.4,0.0,Packaged,3.0
520.0,16.4,54.4,106.0,8.5,0.0,Packaged,3.0
525.0,16.3,45.8,0.0,9.08,0.0,Packaged,3.0
627.0,29.5,33.6,105.0,7.4,0.0,Packaged,3.0
523.0,17.7,50.2,192.0,5.2,0.0,Packaged,3.0
493.0,13.9,48.0,158.0,4.6,0.0,Packaged,3.0
546.0,25.1,41.0,130.1,8.2,0.0,Packaged,3.0
563.0,22.3,48.9,207.0,6.0,0.0,Packaged,3.0
474.8,5.7,30.5,87.2,14.3,8.9,Packaged,3.5
511.0,13.9,61.5,117.0,5.0,0.0,Packaged,3.0
524.0,28.7,40.9,117.1,11.1,0.0,Packaged,3.0
491.0,10.1,51.84,222.0,8.83,0.0,Packaged,3.0
557.0,17.8,40.6,141.0,8.1,0.0,Packaged,3.0
553.0,19.0,51.8,107.13,8.8,0.0,Packaged,3.0
522.0,16.0,48.0,136.0,5.5,0.0,Packaged,3.0
566.0,17.0,42.1,119.0,9.2,0.0,Packaged,3.0
535.0,18.0,52.3,14.5,5.0,0.0,Packaged,3.0
568.0,25.8,27.0,6.4,7.5,0.0,Packaged,3.0
543.0,21.5,55.3,125.0,7.6,0.0,Packaged,3.0
543.0,21.5,55.3,125.0,7.6,0.0,Packaged,3.0
441.0,22.8,41.5,82.4,6.2,0.0,Packaged,3.0
553.0,22.5,46.1,140.0,8.7,0.0,Packaged,3.0
539.0,14.2,48.8,134.0,8.4,0.0,Packaged,3.0
530.0,32.9,31.2,0.0,9.3,0.0,Packaged,3.0
451.0,8.0,57.6,0.0,1.97,0.0,Packaged,2.5
555.0,18.5,45.2,81.5,9.0,0.0,Packaged,3.0
521.0,18.6,43.0,38.0,6.4,0.0,Packaged,3.0
564.0,12.5,36.5,0.0,8.5,0.0,Packaged,3.0
498.0,17.5,57.0,82.3,5.7,0.0,Packaged,3.0
441.0,22.7,42.9,82.7,6.0,0.0,Packaged,3.0
490.0,20.5,50.0,100.0,3.9,0.0,Packaged,3.0
566.0,19.2,46.6,104.0,8.7,0.0,Packaged,3.0
494.9,12.7,50.3,293.1,7.3,0.0,Packaged,2.5
490.0,15.0,48.8,222.0,7.0,7.1,Packaged,3.0
546.0,18.0,53.0,71.5,6.6,0.0,Packaged,3.0
556.0,17.5,37.0,0.0,7.1,0.0,Packaged,3.0
533.0,17.4,43.9,145.0,6.9,0.0,Packaged,3.0
450.0,8.4,16.6,169.0,4.0,0.0,Packaged,3.0
585.0,21.0,38.0,113.7,7.7,0.0,Packaged,3.0
598.0,32.1,20.4,18.0,7.6,0.0,Packaged,3.0
526.0,19.0,45.7,13.6,6.1,0.0,Packaged,3.0
533.0,19.9,44.2,16.0,6.4,0.0,Packaged,3.0
557.0,20.2,43.0,0.0,6.0,0.0,Packaged,3.0
475.0,9.2,53.0,217.0,7.0,0.0,Packaged,3.0
469.0,17.1,70.8,38.0,3.5,0.0,Packaged,3.0
543.0,23.0,45.1,15.8,5.6,0.0,Packaged,3.0
545.0,19.0,43.6,0.0,8.4,0.0,Packaged,3.0
554.0,21.5,10.0,0.0,14.2,0.0,Packaged,3.5
451.0,8.0,57.6,0.0,1.97,0.0,Packaged,2.5
360.0,17.0,31.0,71.0,4.0,0.0,Packaged,3.0
463.0,7.0,35.0,192.0,7.0,0.0,Packaged,3.0
548.0,17.7,49.1,122.0,7.3,0.0,Packaged,3.0
535.0,14.7,40.8,0.0,10.3,0.0,Packaged,3.0
451.0,8.0,47.6,0.0,1.97,0.0,Packaged,2.5
568.0,22.2,33.8,0.0,9.5,0.0,Packaged,3.0
528.0,23.0,33.7,325.0,6.0,0.0,Packaged,2.5
47.1,1.2,0.4,2.2,0.7,0.7,Packaged,4.5
59.0,1.7,3.0,4.0,1.0,0.0,Packaged,4.5
65.0,1.7,1.2,0.0,1.0,0.0,Packaged,4.5
536.0,18.0,57.0,0.0,6.1,2.9,Packaged,3.0
560.46,25.69,53.14,53.37,9.63,0.0,Packaged,3.0
60.0,3.3,0.6,0.0,1.0,0.2,Packaged,4.0
42.7,3.3,1.3,0.8,1.1,0.0,Packaged,4.0
134.2,4.9,8.9,0.0,1.7,0.0,Packaged,3.5
47.7,3.6,0.4,2.2,0.7,0.0,Packaged,4.0
180.0,6.0,17.0,0.0,2.0,3.0,Packaged,3.0
30.9,4.9,6.2,0.0,1.8,0.0,Packaged,4.0
144.0,4.7,6.3,0.0,2.6,3.7,Packaged,4.5
559.4,24.1,34.3,9.5,7.1,9.5,Packaged,3.5
576.0,21.0,29.7,13.3,8.1,9.5,Packaged,3.5
591.5,40.6,21.4,2.6,8.1,8.2,Packaged,3.5
597.6,31.2,21.5,13.3,8.1,9.7,Packaged,3.5
547.9,20.8,32.8,0.0,7.9,8.2,Packaged,3.5
156.0,9.0,11.0,18.0,1.2,0.5,Packaged,3.5
630.0,36.0,40.0,0.0,4.7,0.0,Packaged,3.0
509.0,29.0,49.0,0.0,5.4,0.0,Packaged,3.0
566.0,26.0,26.0,0.0,7.7,0.0,Packaged,3.0
178.0,6.0,18.0,38.0,2.2,0.7,Packaged,3.0
170.0,7.0,9.0,12.0,3.0,4.0,Packaged,4.0
192.0,5.0,14.0,29.0,3.0,0.2,Packaged,3.5
170.0,9.0,2.0,4.0,3.0,5.0,Packaged,4.0
541.0,21.0,58.0,0.0,7.4,0.0,Packaged,3.0
535.0,20.0,55.0,0.0,8.4,0.0,Packaged,3.0
500.0,15.0,61.0,0.0,5.2,2.7,Packaged,3.0
170.0,7.0,0.0,5.0,2.0,4.0,Packaged,4.0
530.0,19.0,57.0,0.0,6.0,2.5,Packaged,3.0
169.0,4.0,11.0,36.0,3.0,1.0,Packaged,4.0
525.0,17.0,48.0,0.0,6.2,0.0,Packaged,3.0
502.0,39.3,0.4,221.0,5.1,0.0,Packaged,3.5
504.0,15.0,53.0,0.0,8.5,0.0,Packaged,3.0
512.5,18.4,49.2,182.1,3.5,0.0,Packaged,2.5
469.0,17.1,70.77,38.0,3.5,0.0,Packaged,3.0
172.0,5.0,14.0,41.0,2.0,1.0,Packaged,3.5
528.8,21.1,59.3,49.7,5.4,0.0,Packaged,3.0
541.8,17.7,2.2,236.0,8.0,0.0,Packaged,3.5
390.0,22.2,37.7,24.3,3.9,3.85,Packaged,3.0
509.0,19.4,44.4,109.0,4.9,0.0,Packaged,3.0
585.77,12.74,27.43,76.4,13.43,0.0,Packaged,3.0
418.0,20.0,36.4,42.5,4.9,0.0,Packaged,3.0
509.0,40.6,0.4,221.0,5.5,0.0,Packaged,3.5
551.0,26.8,48.1,101.1,8.6,0.0,Packaged,3.0
526.0,11.6,44.5,70.0,7.9,0.0,Packaged,3.0
458.0,20.3,38.6,106.1,14.08,9.1,Packaged,3.5
380.0,0.0,70.0,930.0,0.0,0.0,Packaged,2.5
366.5,2.2,55.3,207.0,2.7,0.0,Packaged,3.0
358.0,0.0,74.8,355.7,0.1,0.0,Packaged,3.0
369.4,1.6,62.4,0.0,1.0,0.0,Packaged,3.0
400.0,0.01,0.0,0.0,6.8,0.0,Packaged,5.0
341.92,0.19,70.85,103.26,1.9,7.02,Packaged,3.5
385.7,1.6,64.3,0.0,1.3,0.7,Packaged,3.0
421.0,7.3,50.3,0.0,0.4,0.0,Packaged,2.5
184.0,1.2,0.0,1.9,0.0,0.0,Packaged,4.0
375.0,1.6,61.8,216.0,2.0,0.0,Packaged,3.0
401.0,2.4,90.0,15.0,0.0,0.0,Packaged,3.0
405.0,2.4,90.0,15.0,0.0,0.0,Packaged,3.0
388.0,1.5,85.0,12.0,1.0,0.0,Packaged,3.0
401.0,1.8,91.0,0.0,0.0,0.0,Packaged,3.0
392.0,0.0,72.9,365.5,0.1,0.0,Packaged,2.5
358.0,2.8,54.0,0.0,2.5,0.0,Packaged,3.0
389.0,0.5,86.8,280.0,0.2,0.0,Packaged,3.0
374.0,0.0,16.0,0.0,2.5,0.0,Packaged,4.0
412.0,4.5,75.5,309.0,0.7,0.0,Packaged,2.0
451.0,5.8,55.8,160.0,0.8,0.0,Packaged,2.5
386.0,1.8,72.0,64.0,0.05,0.0,Packaged,3.0
317.0,0.0,71.2,158.0,0.01,0.0,Packaged,3.0
0.0,0.0,0.0,0.0,0.0,0.0,Packaged,4.5
422.0,6.8,74.0,236.0,0.12,0.0,Packaged,2.0
375.0,3.09,47.38,191.98,4.73,1.54,Packaged,3.0
418.0,4.9,48.0,0.0,2.1,0.0,Packaged,3.0
386.0,1.8,72.0,64.0,0.05,0.0,Packaged,3.0
412.0,2.7,64.5,0.0,0.3,0.0,Packaged,3.0
386.0,1.8,72.0,64.0,0.05,0.0,Packaged,3.0
448.0,7.5,47.5,187.0,3.3,0.0,Packaged,2.5
390.0,0.0,79.0,0.0,0.0,0.0,Packaged,3.0
412.0,4.4,54.4,129.0,2.5,0.0,Packaged,2.5
437.0,20.0,51.0,110.0,2.0,0.0,Packaged,2.5
438.0,11.5,53.5,0.0,3.2,0.0,Packaged,3.0
858.94,0.0,85.31,0.0,0.76,0.0,Packaged,3.0
390.0,0.0,79.0,0.0,0.0,0.0,Packaged,3.0
399.0,0.0,0.0,0.0,0.0,0.0,Packaged,4.0
390.0,0.0,79.0,0.0,0.0,0.0,Packaged,3.0
390.0,0.0,79.0,0.0,0.0,0.0,Packaged,3.0
436.0,6.0,55.0,50.0,3.0,0.0,Packaged,3.0
391.0,0.0,80.2,0.0,0.0,0.0,Packaged,3.0
391.0,0.0,80.3,0.0,0.0,0.0,Packaged,3.0
10.0,0.0,3.0,0.0,0.0,0.0,Packaged,4.5
346.0,0.0,78.0,178.0,0.0,0.0,Packaged,3.0
343.0,0.0,46.0,0.0,6.1,0.0,Packaged,4.0
399.13,0.0,81.05,6.22,0.42,0.0,Packaged,3.0
265.0,0.87,59.97,203.32,0.96,0.11,Packaged,3.0
399.9,0.0,0.0,11.6,0.0,0.0,Packaged,4.0
393.88,0.0,94.56,6.7,0.29,0.0,Packaged,3.0
403.0,0.0,98.0,0.0,0.0,0.0,Packaged,3.0
393.88,0.0,94.56,6.7,0.29,0.0,Packaged,3.0
399.0,0.0,0.0,11.6,0.0,0.0,Packaged,4.0
399.0,0.0,0.0,11.6,0.0,0.0,Packaged,4.0
388.0,0.0,75.0,50.0,0.0,0.0,Packaged,3.0
398.63,0.0,79.39,13.86,0.56,0.0,Packaged,3.0
490.0,0.0,51.0,0.0,0.0,0.0,Packaged,3.0
452.22,0.0,0.0,0.0,2.63,0.0,Packaged,4.5
346.0,0.0,74.0,150.0,0.02,0.0,Packaged,3.0
323.7,0.0,71.1,159.0,0.5,0.0,Packaged,3.0
50.6,0.0,51.0,4.8,0.0,0.0,Packaged,4.0
403.0,0.0,98.0,0.0,0.0,0.0,Packaged,3.0
388.0,0.0,75.0,100.0,0.0,0.0,Packaged,3.0
386.4,0.0,97.3,0.0,0.0,0.0,Packaged,3.0
392.0,0.0,80.7,0.0,0.0,0.0,Packaged,3.0
436.0,6.0,58.0,130.0,2.0,0.0,Packaged,2.5
327.0,0.0,68.8,193.8,0.2,0.0,Packaged,3.0
380.0,0.0,78.8,18.0,0.0,0.0,Packaged,3.0
398.0,0.7,93.3,11.0,0.1,0.0,Packaged,3.0
206.0,2.9,7.9,0.0,0.0,4.0,Packaged,4.0
345.0,0.0,78.0,175.0,0.03,0.0,Packaged,3.0
380.0,0.0,70.0,580.0,0.0,0.0,Packaged,2.5
391.0,0.0,80.6,0.0,0.0,0.0,Packaged,3.0
380.0,0.0,70.0,930.0,0.0,0.0,Packaged,2.5
393.0,0.2,91.4,4.0,0.1,0.0,Packaged,3.0
386.0,1.8,72.0,64.0,0.05,0.0,Packaged,3.0
396.72,0.0,35.8,4.6,0.0,0.0,Packaged,3.0
385.0,0.0,79.0,5.0,0.0,0.0,Packaged,3.0
385.7,0.0,74.0,80.0,0.0,0.0,Packaged,3.0
380.0,0.0,70.0,390.0,0.0,0.0,Packaged,2.5
557.0,0.0,14.0,40.0,0.0,0.85,Packaged,3.5
361.0,0.0,71.0,63.0,0.0,0.0,Packaged,3.0
80.0,0.0,14.4,36.6,0.1,0.0,Packaged,4.0
351.3,0.13,80.2,35.0,0.6,0.0,Packaged,3.0
320.0,1.6,74.0,0.9,0.0,0.0,Packaged,3.0
533.0,15.1,14.0,293.0,5.32,0.0,Packaged,3.0
462.0,2.7,1.0,858.0,14.1,0.0,Packaged,3.5
560.1,17.64,19.4,162.4,5.39,0.0,Packaged,3.0
446.27,3.63,16.59,1515.0,7.4,0.76,Packaged,3.0
461.57,1.7,7.66,1205.0,8.12,4.39,Packaged,3.5
487.0,10.0,1.0,533.0,10.0,4.0,Packaged,3.0
160.0,5.0,0.0,153.0,3.0,1.0,Packaged,4.0
466.0,11.53,14.9,745.0,9.7,0.0,Packaged,2.5
517.0,10.07,0.5,301.0,15.1,5.16,Packaged,3.5
3.3,17.8,12.1,560.9,12.8,0.0,Packaged,3.5
600.0,4.0,3.3,448.5,11.3,0.0,Packaged,3.5
153.0,1.8,0.45,54.0,1.2,0.6,Packaged,4.5
479.2,20.3,1.0,0.75,6.35,0.0,Packaged,4.0
511.0,10.6,2.3,760.0,6.8,30.0,Packaged,4.0
191.0,1.6,0.0,4.4,2.0,0.0,Packaged,4.5
150.0,2.0,0.0,130.0,6.0,3.0,Packaged,5.0
496.0,11.4,6.9,763.4,6.4,0.0,Packaged,3.0
328.0,2.2,18.6,0.07,7.3,0.0,Packaged,4.0
509.0,3.0,5.0,660.0,16.0,5.0,Packaged,3.5
574.0,13.6,7.8,670.0,15.0,0.0,Packaged,3.0
554.0,9.0,6.0,186.0,20.0,5.7,Packaged,3.5
609.25,9.1,2.98,0.0,26.05,3.91,Packaged,4.0
344.63,20.0,0.81,800.0,5.09,2.78,Packaged,3.0
299.0,3.0,1.0,958.0,9.0,16.0,Packaged,4.5
522.0,2.0,16.0,438.0,13.0,11.0,Packaged,4.0
455.6,1.3,4.0,931.1,15.0,10.2,Packaged,4.0
539.0,14.0,5.2,760.0,7.4,0.0,Packaged,3.0
571.0,9.6,9.2,1143.0,10.8,0.0,Packaged,3.0
514.0,12.0,20.0,868.0,7.0,0.0,Packaged,2.5
699.0,9.4,9.0,662.0,23.2,0.0,Packaged,3.0
589.0,14.0,8.0,404.0,15.2,0.0,Packaged,3.0
559.0,0.16,0.4,0.0,6.4,0.0,Packaged,4.5
523.0,14.0,0.4,469.0,5.0,0.0,Packaged,3.0
518.0,12.6,1.5,837.0,4.7,0.0,Packaged,3.0
514.0,14.0,2.4,677.0,5.7,0.0,Packaged,3.0
510.0,11.6,4.2,643.0,4.7,0.0,Packaged,3.0
522.0,15.0,2.0,592.0,5.2,0.0,Packaged,3.0
150.0,2.5,0.0,180.0,1.0,0.0,Packaged,4.0
150.0,2.5,1.0,135.0,1.0,0.0,Packaged,4.0
501.0,10.4,7.5,963.0,8.6,0.0,Packaged,3.0
483.0,9.7,38.9,449.0,52.0,0.0,Packaged,2.5
476.0,8.3,37.4,0.0,6.5,0.0,Packaged,3.0
460.11,13.65,21.49,182.0,6.23,0.0,Packaged,3.0
479.45,27.1,0.0,0.0,6.88,0.0,Packaged,4.0
467.5,10.47,22.1,35.0,8.92,0.0,Packaged,3.0
456.0,6.8,28.3,375.0,7.1,0.0,Packaged,2.5
450.0,6.0,22.0,449.0,9.0,0.0,Packaged,2.5
522.32,12.63,19.18,138.0,7.57,0.0,Packaged,3.0
386.2,11.0,32.6,104.0,5.8,0.0,Packaged,3.0
526.85,14.06,19.0,138.0,6.61,0.0,Packaged,3.0
383.0,7.0,50.0,13.0,1.0,0.0,Packaged,2.5
466.72,2.85,41.75,33.21,11.94,3.3,Packaged,3.5
450.51,3.78,43.32,8.12,9.4,5.31,Packaged,3.5
526.4,15.0,50.0,11.0,4.8,0.0,Packaged,3.0
523.0,11.2,34.5,3.0,3.0,0.0,Packaged,3.0
490.0,13.8,46.06,8.0,5.33,0.62,Packaged,3.0
231.0,2.0,44.5,30.0,3.0,0.0,Packaged,4.0
392.7,6.19,38.11,71.29,5.52,6.71,Packaged,3.5
424.45,10.07,46.11,108.83,5.66,7.53,Packaged,3.0
455.0,13.0,55.0,204.0,13.7,0.0,Packaged,3.0
471.83,10.87,44.21,48.18,8.96,5.31,Packaged,3.0
539.0,11.0,35.6,158.0,21.3,4.8,Packaged,3.0
156.0,2.2,26.3,13.0,1.4,0.0,Packaged,3.5
393.0,16.1,50.5,27.0,1.3,2.3,Packaged,2.5
373.0,0.5,0.0,3.1,7.2,11.1,Packaged,5.0
168.0,1.0,19.0,11.0,2.0,0.0,Packaged,4.0
485.2,10.23,29.02,3.8,7.1,7.2,Packaged,3.5
432.44,6.17,35.02,170.22,12.85,2.6,Packaged,3.0
459.0,12.0,49.0,0.0,10.8,0.0,Packaged,3.0
526.4,15.0,50.0,11.0,4.8,0.0,Packaged,3.0
513.7,17.7,33.0,62.0,4.6,0.0,Packaged,3.0
470.0,4.4,29.18,5.0,5.2,0.5,Packaged,3.0
439.5,5.52,22.88,230.0,7.74,3.29,Packaged,3.0
181.0,5.8,16.0,16.0,7.2,0.0,Packaged,4.0
346.0,13.2,23.0,200.0,14.0,0.0,Packaged,3.0
743.0,37.1,33.6,379.0,11.0,0.1,Packaged,2.5
490.0,13.0,38.5,40.0,7.0,0.0,Packaged,3.0
423.0,7.0,43.4,136.0,10.0,0.0,Packaged,3.0
474.0,16.0,37.0,152.0,15.0,0.0,Packaged,3.0
227.0,0.39,53.6,0.0,0.33,0.8,Packaged,3.5
227.0,0.39,53.6,0.0,0.33,0.8,Packaged,3.5
553.0,17.3,25.5,53.6,6.8,0.0,Packaged,3.0
510.48,16.4,31.7,0.0,5.83,3.73,Packaged,3.0
178.0,8.3,0.0,0.0,7.4,0.0,Packaged,4.5
252.0,3.0,2.0,633.0,8.0,6.0,Packaged,4.0
392.9,2.7,4.0,392.9,12.1,4.0,Packaged,4.0
387.0,12.2,3.2,944.3,7.1,0.0,Packaged,3.0
384.0,8.2,1.8,1000.0,8.2,0.0,Packaged,3.0
252.0,4.0,2.4,700.0,4.8,2.4,Packaged,3.5
379.4,1.3,8.1,691.0,9.4,5.4,Packaged,4.0
206.0,21.0,1.9,0.0,2.9,1.2,Packaged,4.0
430.0,2.0,7.0,1310.0,9.0,5.0,Packaged,3.5
388.0,13.0,2.5,988.8,7.5,0.0,Packaged,3.0
245.0,3.0,5.4,480.0,4.0,1.5,Packaged,3.5
402.0,7.6,1.1,999.9,7.8,0.0,Packaged,3.0
397.0,7.7,2.3,939.3,9.6,0.0,Packaged,3.0
164.0,6.2,0.2,290.0,8.0,0.0,Packaged,4.0
157.0,2.0,0.0,575.0,3.3,0.0,Packaged,4.0
343.0,0.5,0.7,389.0,7.7,2.2,Packaged,4.0
178.0,8.3,12.8,0.0,7.4,1.2,Packaged,4.0
362.0,3.0,0.0,1340.0,12.0,5.5,Packaged,4.0
238.32,1.04,2.38,956.15,6.27,0.0,Packaged,4.0
341.0,1.0,0.0,8.0,8.0,0.0,Packaged,5.0
368.0,1.2,1.7,1242.5,8.8,0.0,Packaged,4.0
350.5,1.0,0.0,560.0,9.0,3.85,Packaged,4.0
195.0,2.7,4.2,347.0,5.3,3.4,Packaged,4.5
431.0,3.7,4.0,1852.0,11.4,0.0,Packaged,3.5
314.0,8.5,2.5,798.9,7.7,0.0,Packaged,3.5
321.0,7.6,3.2,915.7,8.2,0.0,Packaged,3.0
459.0,10.7,3.0,1247.1,9.0,0.0,Packaged,3.0
439.0,8.6,2.7,1770.6,8.5,0.0,Packaged,3.0
347.0,7.2,7.7,914.0,6.3,0.0,Packaged,3.0
357.0,0.2,2.0,0.0,12.0,0.0,Packaged,5.0
350.0,0.3,3.2,0.0,12.0,3.5,Packaged,5.0
123.0,2.5,2.0,1200.0,2.5,0.0,Packaged,3.5
146.0,1.5,13.8,2256.0,2.1,0.0,Packaged,3.5
72.0,0.1,0.3,7284.0,2.0,0.0,Packaged,4.0
202.0,13.6,0.0,4.0,12.5,0.0,Packaged,4.5
118.0,9.0,20.0,0.0,1.0,0.0,Packaged,3.0
325.0,0.6,0.0,218.0,18.5,0.0,Packaged,4.5
333.9,0.1,0.0,80.0,6.65,0.0,Packaged,5.0
125.0,2.3,0.0,720.0,0.5,3.0,Packaged,3.5
206.0,2.3,8.9,5231.0,3.1,0.0,Packaged,3.5
401.7,8.2,0.0,191.4,14.8,0.0,Packaged,3.5
57.4,0.06,11.4,8.0,0.72,0.0,Packaged,4.5
340.0,1.1,47.0,0.0,13.0,0.0,Packaged,4.0
340.0,1.1,47.0,0.0,13.0,0.0,Packaged,4.0
370.0,0.4,19.0,1821.0,16.0,11.35,Packaged,4.0
36.0,0.6,1.0,250.0,4.4,0.0,Packaged,5.0
316.7,2.56,3.88,9107.6,11.59,17.0,Packaged,4.5
360.0,0.1,11.3,4340.0,3.9,0.0,Packaged,3.5
385.0,0.9,19.8,36.9,5.5,0.0,Packaged,4.0
307.0,2.1,18.9,360.0,10.0,4.5,Packaged,3.5
361.88,0.36,0.0,488.49,11.75,0.0,Packaged,4.0
0.0,0.0,0.0,2050.0,1.0,0.0,Packaged,4.0
172.0,7.2,0.9,0.0,2.5,1.2,Packaged,4.0
453.96,9.45,14.15,1359.79,14.15,0.0,Packaged,2.5
277.16,11.25,2.1,385.67,3.6,0.0,Packaged,3.5
114.29,1.29,2.35,427.51,2.64,0.0,Packaged,4.0
222.0,9.0,0.0,600.0,3.0,0.0,Packaged,3.0
358.5,10.5,0.0,150.0,8.25,0.0,Packaged,4.0
80.0,0.0,0.0,340.0,1.0,0.0,Packaged,4.0
378.0,0.2,0.0,71.2,7.9,7.1,Packaged,5.0
105.44,0.87,5.6,382.24,2.61,0.79,Packaged,4.0
378.68,11.04,0.0,481.11,4.64,0.0,Packaged,3.0
110.33,0.93,3.84,193.18,2.16,4.26,Packaged,4.5
159.0,3.7,0.0,465.0,5.7,0.0,Packaged,4.0
324.0,1.2,22.3,6709.0,8.1,2.1,Packaged,3.0
160.5,1.8,1.8,856.4,5.7,5.2,Packaged,4.5
116.0,1.5,0.0,0.0,4.0,0.0,Packaged,5.0
427.0,5.5,20.0,0.0,15.0,3.0,Packaged,3.0
412.0,4.8,23.5,0.0,15.0,2.4,Packaged,3.0
377.8,0.5,0.0,4.3,8.7,4.7,Packaged,5.0
375.9,0.9,11.7,80.0,13.1,5.2,Packaged,4.5
386.7,0.5,15.0,27.5,13.4,6.4,Packaged,4.5
558.0,33.0,54.0,0.0,2.7,0.0,Packaged,3.0
302.09,0.2,71.0,0.0,0.66,0.0,Packaged,3.5
1634.0,2.2,54.3,228.0,3.4,0.0,Packaged,3.0
360.0,0.0,0.0,0.0,0.2,0.0,Packaged,4.0
331.0,5.4,55.0,100.0,7.5,0.0,Packaged,3.0
409.0,11.0,1.75,33.2,19.6,0.0,Packaged,4.0
303.0,2.9,58.4,110.0,8.5,0.0,Packaged,3.5
69.0,0.0,0.0,35.0,1.0,0.0,Packaged,4.5
381.0,2.7,20.6,728.0,8.2,0.0,Packaged,3.0
390.0,6.6,3.3,710.0,14.6,0.0,Packaged,3.0
372.0,2.5,27.9,677.0,8.1,0.0,Packaged,3.0
90.0,0.2,13.0,80.0,5.0,0.0,Packaged,4.5
396.0,0.1,91.7,0.0,0.4,0.0,Packaged,3.0
521.0,12.0,23.0,0.7,5.0,6.0,Packaged,3.0
464.7,5.1,1.9,335.0,9.4,3.8,Packaged,3.5
407.0,1.9,1.8,9.5,11.8,10.0,Packaged,5.0
386.0,0.9,20.8,140.0,8.1,0.0,Packaged,4.0
554.0,11.2,29.3,126.0,5.1,6.7,Packaged,3.0
373.0,1.2,97.5,250.0,9.0,7.0,Packaged,4.0
381.0,0.5,32.5,470.0,4.1,1.2,Packaged,3.0
198.0,2.0,8.8,134.0,11.6,3.5,Packaged,4.5
437.0,13.3,6.7,90.6,12.3,9.4,Packaged,4.0
382.0,2.0,1.5,6.0,11.0,4.0,Packaged,5.0
369.0,1.6,0.5,5.0,12.6,6.1,Packaged,5.0
139.0,0.7,2.3,793.8,3.3,3.7,Packaged,4.5
360.0,0.6,5.0,2131.0,10.0,8.0,Packaged,4.0
392.0,2.1,14.0,130.0,25.0,9.6,Packaged,4.5
389.0,1.5,3.0,16.3,11.5,7.0,Packaged,5.0
444.0,6.8,26.9,227.0,7.7,6.0,Packaged,3.0
133.0,0.03,29.2,948.0,1.1,0.6,Packaged,3.0
115.0,0.0,20.9,6693.0,0.7,0.0,Packaged,3.0
110.9,0.1,23.3,1100.0,0.4,0.0,Packaged,3.0
64.8,0.6,3.0,1520.0,0.4,0.0,Packaged,4.0
82.0,0.4,10.6,921.0,1.3,0.0,Packaged,3.5
97.0,0.2,19.2,732.0,0.8,0.9,Packaged,3.0
16.0,0.0,1.0,687.0,0.0,0.0,Packaged,4.0
42.0,4.0,1.0,0.0,1.0,0.0,Packaged,4.0
440.0,7.4,4.4,0.0,0.9,0.0,Packaged,3.0
278.8,1.3,23.9,579.5,3.1,0.0,Packaged,3.0
42.2,0.2,6.6,1803.0,0.2,0.0,Packaged,3.5
22.4,0.0,3.7,198.0,0.2,0.0,Packaged,4.5
9.8,0.2,1.2,2.0,0.3,0.5,Packaged,4.5
24.1,0.1,19.3,1234.8,10.5,0.0,Packaged,4.0
162.16,8.65,8.28,0.0,5.56,0.0,Packaged,4.0
283.1,4.3,8.5,683.8,0.4,0.0,Packaged,2.5
281.0,2.2,0.5,8.1,1.0,653.7,Packaged,4.5
256.0,1.9,10.9,1062.5,0.5,0.0,Packaged,3.0
202.0,1.4,7.5,800.0,0.0,0.0,Packaged,3.0
539.0,10.6,56.3,0.0,6.3,0.0,Packaged,3.0
550.0,13.0,61.0,140.0,2.2,0.0,Packaged,2.5
41.9,0.0,9.2,4.5,0.1,0.4,Packaged,4.5
42.6,0.0,9.5,4.2,0.1,0.4,Packaged,4.5
43.1,0.0,9.3,3.8,0.0,0.5,Packaged,4.5
285.0,4.2,5.35,1360.88,1.82,0.0,Packaged,3.0
319.0,6.0,2.5,1330.6,0.0,0.0,Packaged,2.5
272.2,4.15,4.69,903.84,0.79,0.0,Packaged,2.5
386.3,6.5,4.9,820.0,2.2,0.0,Packaged,2.5
325.0,0.0,81.0,13.0,0.25,0.0,Packaged,3.0
285.0,0.1,68.1,51.0,0.3,0.8,Packaged,3.5
281.0,0.2,67.5,19.0,0.3,2.7,Packaged,3.5
506.1,8.6,9.1,886.7,1.7,0.0,Packaged,2.5
317.0,0.0,0.0,0.0,0.4,0.0,Packaged,4.0
326.71,0.0,0.0,0.0,0.4,0.0,Packaged,4.0
77.0,0.2,15.1,604.0,0.9,0.8,Packaged,3.5
227.0,0.4,42.1,558.0,1.2,3.6,Packaged,3.0
605.0,9.0,9.0,280.0,26.0,7.2,Packaged,3.5
580.0,11.0,19.0,50.0,18.6,0.0,Packaged,3.0
228.0,1.8,1.2,0.0,8.8,0.0,Packaged,5.0
381.0,0.9,46.0,175.0,7.0,3.5,Packaged,4.0
377.0,2.0,46.0,0.0,11.0,0.0,Packaged,4.0
360.0,0.0,0.0,0.0,15.0,2.0,Packaged,5.0
3.04,0.0,0.0,0.76,0.0,0.0,Packaged,4.5
380.0,4.0,0.0,50.0,10.0,10.0,Packaged,5.0
177.0,3.2,0.3,496.1,2.5,0.0,Packaged,3.5
154.0,2.07,0.0,303.81,1.54,1.7,Packaged,4.0
167.0,2.52,0.0,559.4,3.92,1.39,Packaged,4.0
174.0,5.46,0.0,356.64,12.65,1.81,Packaged,4.0
121.0,2.3,1.1,275.1,3.4,0.0,Packaged,4.5
229.0,5.0,3.15,390.2,4.7,0.0,Packaged,3.5
195.9,11.72,3.46,273.54,7.5,2.45,Packaged,4.0
197.0,3.44,0.0,0.0,3.5,0.0,Packaged,4.5
294.0,7.3,5.13,358.0,7.0,0.0,Packaged,3.5
226.49,6.1,0.8,887.1,10.64,0.0,Packaged,3.5
320.24,7.5,0.62,818.71,15.27,0.0,Packaged,3.0
240.71,2.06,9.38,349.57,11.87,0.0,Packaged,4.0
242.59,3.47,6.69,365.43,8.75,0.0,Packaged,3.5
198.48,2.35,2.7,530.46,6.11,0.0,Packaged,4.0
258.06,3.72,5.88,374.56,9.02,0.0,Packaged,3.5
216.2,3.06,3.67,550.35,8.65,0.0,Packaged,4.0
288.07,3.47,1.87,600.1,20.96,0.0,Packaged,3.5
164.41,1.72,1.11,1084.01,15.66,138.78,Packaged,5.0
202.24,1.7,4.32,487.58,10.52,0.0,Packaged,4.0
207.35,3.45,4.86,456.91,5.5,0.0,Packaged,3.5
197.13,1.39,2.11,450.47,8.97,0.0,Packaged,4.0
476.05,9.8,24.4,151.14,7.28,0.0,Packaged,3.0
279.0,6.33,5.1,245.5,7.71,0.0,Packaged,3.5
211.7,5.69,3.38,650.22,7.85,0.0,Packaged,3.5
296.66,3.66,1.27,504.95,20.58,0.0,Packaged,3.5
258.22,2.1,2.73,490.83,7.12,0.0,Packaged,4.0
344.43,3.54,2.58,566.71,13.73,0.0,Packaged,3.5
301.0,18.0,2.5,410.0,7.5,0.0,Packaged,3.5
273.0,18.0,0.0,0.0,25.0,0.0,Packaged,4.0
87.0,3.9,3.8,45.0,3.3,0.0,Packaged,4.5
245.4,25.0,3.2,17.3,1.9,0.0,Packaged,3.5
139.0,5.21,0.0,50.0,15.5,0.0,Packaged,4.5
205.0,18.0,3.0,180.0,8.0,0.0,Packaged,4.0
724.0,48.0,0.0,955.0,1.0,0.0,Packaged,2.5
288.0,1.6,6.4,510.0,7.6,0.0,Packaged,4.0
276.0,0.35,8.43,0.0,10.08,0.0,Packaged,4.5
76.8,2.2,6.5,0.0,8.0,0.0,Packaged,5.0
140.0,2.0,23.0,43.0,3.0,0.0,Packaged,4.0
193.0,2.6,35.0,78.8,5.3,0.0,Packaged,4.0
103.5,3.1,15.3,21.0,3.6,0.0,Packaged,4.0
307.0,10.4,0.0,0.0,6.1,0.0,Packaged,4.0
150.5,4.7,17.0,39.9,2.7,0.0,Packaged,3.5
139.0,4.4,14.5,41.6,2.8,0.0,Packaged,4.0
91.0,3.1,3.7,39.4,2.4,2.9,Packaged,4.5
151.0,4.6,18.0,46.6,3.2,0.0,Packaged,4.0
99.0,2.5,4.2,43.6,3.4,3.5,Packaged,5.0
72.0,2.3,2.7,29.0,2.1,3.8,Packaged,5.0
153.0,4.6,12.4,40.3,3.5,3.1,Packaged,4.5
242.0,8.9,21.1,50.0,4.6,0.0,Packaged,3.0
208.32,7.34,13.5,62.1,3.74,0.0,Packaged,3.5
228.0,6.9,25.5,46.0,3.7,0.0,Packaged,3.5
153.0,4.5,16.7,43.0,2.3,0.8,Packaged,3.5
126.0,3.5,12.3,47.0,2.0,0.3,Packaged,4.0
251.0,8.7,21.9,46.0,4.1,0.0,Packaged,3.0
267.0,11.1,26.5,44.0,3.5,0.0,Packaged,3.0
226.0,7.6,22.3,49.0,4.0,0.0,Packaged,3.5
204.0,6.4,12.3,33.7,4.4,1.9,Packaged,4.0
211.95,7.69,15.0,69.0,4.42,0.0,Packaged,3.5
200.0,5.6,20.0,36.4,4.0,0.0,Packaged,3.5
227.0,5.94,22.0,125.0,3.66,0.0,Packaged,3.0
159.0,5.0,16.0,85.0,3.0,0.0,Packaged,4.0
160.2,4.4,13.6,43.0,3.0,0.0,Packaged,3.5
249.5,15.9,21.7,60.8,5.1,0.0,Packaged,3.5
63.0,1.6,4.1,22.8,1.3,2.5,Packaged,4.5
271.8,10.8,21.6,51.7,4.0,0.5,Packaged,3.0
149.0,4.2,2.0,19.8,2.5,2.9,Packaged,4.0
191.71,11.45,12.81,16.45,2.29,0.0,Packaged,3.5
219.0,8.4,16.6,44.0,3.3,0.7,Packaged,3.5
257.0,15.0,14.8,23.0,2.7,0.0,Packaged,3.5
174.4,5.7,20.0,48.8,3.5,0.0,Packaged,3.5
63.0,1.6,3.6,22.8,1.3,2.7,Packaged,4.5
204.0,7.2,16.6,41.0,3.3,0.8,Packaged,3.5
175.65,9.21,10.6,14.0,2.47,0.0,Packaged,3.5
240.91,8.24,17.59,0.0,7.21,0.0,Packaged,3.5
154.0,5.3,7.1,51.8,4.1,5.7,Packaged,4.5
155.0,5.4,13.9,34.0,4.5,0.0,Packaged,4.0
157.0,3.3,13.3,32.0,3.5,0.0,Packaged,4.0
16.14,0.53,2.58,3.12,0.39,0.0,Cooked,4.5
23.16,0.75,3.62,4.92,0.64,0.0,Cooked,4.5
51.54,2.14,6.53,13.98,1.75,0.0,Cooked,4.5
10.34,0.01,2.7,0.23,0.03,0.0,Cooked,4.5
35.92,0.03,7.49,79.82,0.16,0.61,Cooked,4.5
36.12,0.03,9.25,2.63,0.14,0.06,Cooked,4.5
23.13,0.02,5.88,2.26,0.07,0.17,Cooked,4.5
20.8,0.01,5.47,28.52,0.03,0.02,Cooked,4.5
21.52,0.03,5.38,28.13,0.08,0.13,Cooked,4.5
9.09,0.11,1.46,189.6,0.17,0.46,Cooked,4.5
32.75,1.0,5.52,23.2,0.56,0.26,Cooked,4.5
22.43,0.04,5.21,1.57,0.37,0.2,Cooked,4.5
90.1,4.56,9.01,24.2,3.36,0.0,Cooked,4.0
67.85,2.11,11.18,13.84,1.57,0.01,Cooked,4.0
65.31,2.37,7.96,13.61,1.84,0.26,Cooked,4.5
56.9,2.35,7.15,13.27,1.73,0.26,Cooked,4.5
55.72,2.23,7.6,14.05,1.66,0.0,Cooked,4.5
57.42,2.52,7.08,14.63,1.86,0.0,Cooked,4.5
97.14,5.11,8.06,40.65,4.78,0.02,Cooked,4.0
35.66,0.68,6.51,18.31,1.29,0.0,Cooked,4.5
18.84,0.72,1.84,65.4,1.35,0.02,Cooked,4.5
218.11,9.78,2.38,437.5,6.8,2.08,Cooked,3.5
285.96,15.8,1.86,461.67,8.69,1.88,Cooked,3.5
188.6,8.0,1.64,362.64,4.8,2.45,Cooked,3.5
257.71,12.8,4.1,571.96,8.2,2.33,Cooked,3.5
243.32,12.27,2.85,549.71,7.92,1.97,Cooked,3.5
253.27,11.75,1.6,389.67,13.12,1.64,Cooked,3.5
291.43,16.14,2.82,364.99,9.53,4.03,Cooked,3.5
272.75,12.54,4.05,612.49,7.75,2.1,Cooked,3.5
235.32,15.12,2.01,461.66,7.31,1.81,Cooked,3.5
198.33,11.33,2.08,305.36,5.45,2.06,Cooked,4.0
311.52,24.93,1.45,374.39,8.77,0.93,Cooked,3.5
214.11,9.12,5.3,302.88,5.3,3.66,Cooked,4.0
255.59,15.51,2.0,662.75,8.7,1.97,Cooked,3.5
244.26,15.4,2.35,342.7,4.47,2.35,Cooked,3.5
222.11,10.51,2.09,423.26,7.66,1.77,Cooked,3.5
244.25,8.15,12.23,205.27,4.99,2.36,Cooked,3.5
227.42,13.01,2.11,456.57,7.79,2.28,Cooked,3.5
224.58,12.95,2.67,457.94,6.82,1.78,Cooked,3.5
164.9,5.43,1.33,262.63,4.6,2.89,Cooked,4.0
249.56,11.98,6.4,268.9,12.4,2.12,Cooked,3.5
167.37,5.32,2.13,327.55,12.08,1.64,Cooked,4.0
171.78,5.61,1.94,290.07,11.06,2.45,Cooked,4.0
200.83,11.56,1.86,277.49,6.74,1.62,Cooked,4.0
495.19,49.38,1.46,128.78,1.9,1.32,Cooked,3.0
81.57,4.08,5.12,15.89,2.64,0.62,Cooked,4.0
100.89,4.08,7.54,23.21,3.75,0.7,Cooked,4.5
72.85,3.22,5.2,16.14,2.6,0.39,Cooked,4.5
117.33,5.12,9.97,26.55,3.59,0.78,Cooked,4.0
112.44,3.99,7.28,22.4,3.62,0.37,Cooked,4.5
112.44,3.99,7.28,22.4,3.62,0.37,Cooked,4.5
113.32,4.04,7.31,22.52,3.62,0.28,Cooked,4.5
113.32,4.04,7.31,22.52,3.62,0.28,Cooked,4.5
45.35,3.04,0.0,170.94,4.43,0.11,Cooked,4.5
223.67,19.62,0.0,446.96,11.59,0.29,Cooked,3.5
123.87,8.19,0.05,1163.07,11.98,0.3,Cooked,3.5
155.97,12.21,1.08,374.66,10.29,0.24,Cooked,4.0
218.85,12.65,1.66,523.29,11.88,1.03,Cooked,3.5
272.41,25.74,0.51,226.18,9.66,0.12,Cooked,4.0
203.51,17.77,1.57,267.19,8.6,0.75,Cooked,4.0
203.36,10.82,3.32,143.7,5.68,0.65,Cooked,4.0
176.27,11.25,2.2,125.4,9.01,0.84,Cooked,4.0
125.18,6.57,2.09,116.69,3.87,2.48,Cooked,4.0
162.02,7.01,7.85,93.09,3.79,1.21,Cooked,4.0
271.98,15.29,16.47,101.0,6.98,1.65,Cooked,3.5
21.32,1.38,0.14,44.6,1.95,0.09,Cooked,4.5
17.6,1.38,0.44,49.75,0.3,0.38,Cooked,4.5
29.88,1.51,0.2,58.58,3.69,0.1,Cooked,5.0
80.07,12.22,1.44,5135.74,4.79,1.96,Cooked,3.5
31.17,11.68,1.06,10418.84,9.65,2.57,Cooked,4.0
47.94,12.02,0.54,8953.64,11.47,1.57,Cooked,4.0
97.81,13.12,1.81,4461.22,4.61,1.38,Cooked,3.5
127.84,14.78,1.61,4999.7,7.13,2.95,Cooked,3.5
100.54,13.31,1.13,4429.81,5.21,1.74,Cooked,3.5
59.65,9.05,2.1,5655.45,6.84,2.14,Cooked,4.0
117.28,15.5,1.93,5276.06,6.64,1.34,Cooked,3.5
28.32,12.59,0.27,12205.33,14.48,0.47,Cooked,4.0
42.66,11.09,1.01,8875.06,9.3,1.92,Cooked,4.0
26.64,13.52,0.6,12418.84,12.93,0.81,Cooked,4.0
484.31,56.57,0.37,4249.41,5.21,0.57,Cooked,3.0
55.61,14.39,1.5,11202.89,11.41,1.01,Cooked,4.0
31.51,1.31,0.66,163.26,3.12,0.6,Cooked,5.0
35.63,12.78,0.77,11088.14,10.12,1.94,Cooked,4.0
48.03,1.99,3.34,121.32,2.99,0.88,Cooked,5.0
49.19,14.08,0.46,9919.62,8.57,1.86,Cooked,4.0
202.31,3.56,1.0,1.16,5.88,6.31,Cooked,5.0
298.3,16.86,0.86,62.07,5.06,5.43,Cooked,4.5
205.04,10.22,1.15,127.2,3.7,4.18,Cooked,4.0
183.52,9.53,1.31,127.03,3.3,4.32,Cooked,4.0
178.07,9.47,1.15,190.03,3.73,4.68,Cooked,4.0
268.24,13.05,1.43,156.13,6.78,6.46,Cooked,4.5
228.59,12.43,1.47,153.94,4.29,4.49,Cooked,4.0
190.73,8.8,1.29,109.99,5.59,5.61,Cooked,4.5
238.09,13.91,0.99,140.62,9.41,3.44,Cooked,4.5
262.97,14.62,3.77,142.52,7.98,4.0,Cooked,4.0
216.49,12.09,1.31,177.19,5.54,4.39,Cooked,4.5
737.63,77.61,0.23,31.73,1.35,1.46,Cooked,3.0
684.25,71.86,0.24,35.47,1.42,1.55,Cooked,3.0
710.02,74.6,0.26,35.37,1.45,1.61,Cooked,3.0
785.16,81.69,0.29,128.18,2.08,1.96,Cooked,3.0
776.74,81.35,0.26,69.86,1.52,1.64,Cooked,3.0
295.37,16.51,0.86,1.14,5.08,5.44,Cooked,4.5
117.19,0.18,0.22,1.05,2.6,1.25,Cooked,5.0
140.21,4.62,1.15,193.76,2.34,1.69,Cooked,4.0
113.05,3.33,1.35,187.92,2.72,2.67,Cooked,4.0
124.29,4.03,1.0,222.36,2.52,1.88,Cooked,4.0
112.97,3.61,1.43,153.16,2.19,1.78,Cooked,4.0
581.91,59.81,1.11,72.28,1.98,0.62,Cooked,3.0
193.28,9.51,1.6,168.4,5.32,2.9,Cooked,4.0
261.71,9.45,2.52,334.26,6.2,3.82,Cooked,4.0
173.43,4.82,2.48,170.05,4.88,3.15,Cooked,4.5
190.76,7.72,2.39,262.64,7.38,2.42,Cooked,4.0
174.61,9.51,2.14,183.79,3.16,3.31,Cooked,4.0
176.3,7.88,0.78,187.11,4.26,2.52,Cooked,4.0
215.41,4.57,24.8,3.2,2.1,1.13,Cooked,3.0
195.74,4.32,3.91,213.29,5.75,2.13,Cooked,4.0
373.04,8.53,11.65,162.41,7.45,5.12,Cooked,3.5
164.24,2.23,1.26,96.61,4.19,2.78,Cooked,4.5
120.58,5.43,1.47,248.36,4.05,2.31,Cooked,4.0
170.63,7.48,3.4,200.51,5.85,0.4,Cooked,4.0
129.71,6.36,1.97,258.47,3.07,1.86,Cooked,4.0
151.33,8.23,1.63,288.15,6.33,1.64,Cooked,4.0
133.67,6.12,2.84,241.96,6.22,1.27,Cooked,4.0
508.32,52.08,1.83,104.14,2.41,0.59,Cooked,3.0
177.4,8.71,4.5,283.37,5.04,1.09,Cooked,3.5
125.17,6.47,5.99,231.17,5.84,0.8,Cooked,4.0
187.49,10.36,2.74,238.55,10.45,0.11,Cooked,4.0
129.21,7.83,1.18,153.59,3.1,0.77,Cooked,4.0
286.45,4.99,5.59,326.11,8.05,1.91,Cooked,3.5
793.2,82.56,0.69,28.3,1.63,0.38,Cooked,3.0
137.54,0.33,0.28,100.83,4.64,2.31,Cooked,5.0
164.58,7.84,1.33,191.28,3.29,2.52,Cooked,4.0
227.05,7.12,4.37,202.36,7.3,4.04,Cooked,4.0
462.02,45.3,0.8,143.53,1.91,1.26,Cooked,3.0
285.94,19.55,3.29,221.03,6.92,2.4,Cooked,4.0
263.97,16.85,0.7,236.22,3.49,5.19,Cooked,4.0
50.0,1.68,0.12,150.64,2.68,1.17,Cooked,5.0
61.32,2.98,0.32,142.21,2.51,1.53,Cooked,4.5
73.25,3.6,1.05,149.47,2.79,2.72,Cooked,4.5
124.71,3.5,0.73,295.79,6.85,4.06,Cooked,4.5
61.93,3.1,0.34,141.36,2.51,1.62,Cooked,4.5
53.7,2.56,0.59,123.86,2.25,2.02,Cooked,4.5
54.05,2.52,0.67,123.72,2.28,1.98,Cooked,4.5
55.0,2.62,0.66,125.08,2.01,1.85,Cooked,4.5
53.8,2.62,0.57,126.12,2.21,2.32,Cooked,4.5
103.13,5.66,1.7,157.61,3.93,3.38,Cooked,4.5
140.68,6.61,2.36,358.63,5.67,7.99,Cooked,4.5
163.43,6.84,4.78,357.99,6.1,4.73,Cooked,4.0
148.99,5.62,2.51,355.41,6.06,4.57,Cooked,4.0
163.28,10.19,2.66,352.69,10.43,7.34,Cooked,4.0
143.73,5.77,2.49,354.6,5.95,5.83,Cooked,4.0
96.92,4.38,3.31,159.54,3.35,3.52,Cooked,4.5
403.35,42.59,0.88,60.8,1.64,0.81,Cooked,3.0
202.57,10.56,4.75,513.32,6.3,5.26,Cooked,3.5
32.47,0.32,1.57,87.07,1.35,1.35,Cooked,4.5
106.18,8.13,0.44,254.76,1.9,3.02,Cooked,3.5
125.53,9.33,0.54,277.92,1.41,2.02,Cooked,3.0
63.88,2.64,0.97,253.73,3.24,3.99,Cooked,5.0
61.92,3.81,2.11,262.91,2.1,4.43,Cooked,4.5
135.15,10.04,0.54,221.93,2.25,2.93,Cooked,3.5
65.12,4.48,1.82,132.15,1.38,3.27,Cooked,4.0
103.15,4.18,0.33,199.99,1.62,1.88,Cooked,3.5
131.63,11.39,2.06,271.65,2.62,5.59,Cooked,4.0
132.11,11.56,1.71,286.06,2.64,5.27,Cooked,4.0
106.61,8.62,2.36,219.6,1.82,4.52,Cooked,3.5
132.15,11.47,4.4,275.55,1.8,2.79,Cooked,3.0
132.75,11.42,3.82,270.56,1.54,4.31,Cooked,3.5
94.34,7.66,0.48,210.03,2.08,4.15,Cooked,4.0
72.8,5.75,1.96,180.15,1.1,2.1,Cooked,3.5
90.94,5.7,1.21,173.94,1.34,2.01,Cooked,3.5
93.0,7.73,0.92,212.88,1.53,4.09,Cooked,3.5
93.35,6.06,2.68,165.85,3.28,2.2,Cooked,4.0
100.92,5.13,1.86,154.83,3.48,3.61,Cooked,4.5
134.83,7.75,3.89,157.34,6.61,3.3,Cooked,4.5
93.3,5.16,1.82,155.48,3.87,3.86,Cooked,4.5
102.99,5.11,1.98,154.75,4.51,4.44,Cooked,4.5
101.95,5.08,1.92,149.51,4.64,4.28,Cooked,4.5
176.52,12.38,6.29,216.09,7.8,1.4,Cooked,4.0
110.34,7.25,2.09,217.05,1.53,3.14,Cooked,3.5
125.59,10.35,3.73,312.86,1.75,1.96,Cooked,3.5
595.66,63.39,0.88,83.07,2.01,1.7,Cooked,3.5
571.78,61.49,0.82,104.51,1.09,0.92,Cooked,3.0
670.91,72.06,1.98,121.72,2.39,0.4,Cooked,3.0
633.56,67.76,0.88,108.61,0.96,1.01,Cooked,3.0
627.27,67.98,2.3,88.4,0.62,0.59,Cooked,3.0
641.1,69.62,0.83,93.65,1.04,1.0,Cooked,3.0
639.81,69.4,0.89,92.85,0.98,0.9,Cooked,3.0
638.71,69.4,0.82,91.43,0.89,0.83,Cooked,3.0
606.03,65.41,1.16,99.37,1.43,0.75,Cooked,3.0
627.41,67.24,1.19,95.89,1.33,0.64,Cooked,3.0
88.99,4.44,2.56,124.7,3.67,2.34,Cooked,4.5
58.83,3.55,1.71,123.36,1.89,3.06,Cooked,4.5
77.79,4.03,2.09,122.85,3.22,2.33,Cooked,4.5
135.77,8.5,1.66,354.5,3.43,1.2,Cooked,4.0
135.63,7.3,2.78,118.2,5.04,2.23,Cooked,4.5
38.63,1.62,2.2,79.66,1.58,2.34,Cooked,4.5
682.33,74.01,0.71,183.85,0.7,0.68,Cooked,3.0
77.68,4.76,2.55,166.87,4.03,1.91,Cooked,4.5
475.62,50.91,1.79,54.94,1.54,0.53,Cooked,3.0
87.84,5.86,0.75,165.45,3.0,3.69,Cooked,4.0
625.4,67.6,2.59,58.95,0.69,1.02,Cooked,3.0
124.56,8.94,3.83,81.5,2.46,5.44,Cooked,4.0
147.54,13.14,3.56,206.24,2.86,1.27,Cooked,4.0
156.5,12.34,5.01,215.35,5.06,1.4,Cooked,4.0
145.61,8.81,7.49,151.45,6.99,1.5,Cooked,4.0
194.98,14.76,6.0,221.16,7.34,1.47,Cooked,4.0
777.51,84.01,1.5,89.04,2.1,0.5,Cooked,3.5
775.82,82.76,1.84,77.01,3.24,0.21,Cooked,3.5
107.99,6.81,5.54,144.33,4.33,2.07,Cooked,4.0
139.59,9.02,2.66,204.31,9.56,2.08,Cooked,4.0
80.32,4.71,1.42,121.1,5.74,2.23,Cooked,4.5
133.0,8.14,1.82,148.38,8.43,2.96,Cooked,4.5
154.45,10.39,2.14,311.51,9.77,1.51,Cooked,4.0
97.42,6.77,2.13,130.11,6.33,0.62,Cooked,4.5
104.13,7.7,0.13,101.02,8.27,0.67,Cooked,4.5
99.0,6.1,0.12,97.38,10.66,0.62,Cooked,4.5
183.3,14.41,2.9,118.62,9.39,1.93,Cooked,4.0
663.64,71.31,0.42,51.03,4.03,0.17,Cooked,3.5
685.69,72.61,0.31,54.27,4.52,1.05,Cooked,3.5
676.89,72.62,0.3,90.67,4.05,0.36,Cooked,3.5
142.78,8.88,1.7,197.25,7.45,1.05,Cooked,4.0
129.22,7.57,1.79,108.0,11.79,1.41,Cooked,4.5
145.2,7.93,1.58,158.0,16.26,0.5,Cooked,4.5
137.0,8.7,2.37,26.21,10.92,1.32,Cooked,4.5
729.41,78.89,0.24,69.76,3.71,0.21,Cooked,3.5
198.83,16.56,0.93,223.75,9.57,0.99,Cooked,4.0
125.03,7.61,1.16,107.56,11.48,1.13,Cooked,4.5
111.13,6.69,2.02,184.71,8.76,1.89,Cooked,4.0
658.54,68.88,0.4,156.94,4.35,0.61,Cooked,3.5
651.75,69.69,0.17,72.73,3.36,0.29,Cooked,3.5
489.79,51.91,1.35,91.47,2.39,0.72,Cooked,3.0
113.96,7.02,3.22,209.48,8.64,0.08,Cooked,4.0
117.33,4.15,1.18,503.44,16.0,1.18,Cooked,4.0
95.98,4.64,1.6,123.94,11.19,0.58,Cooked,4.5
95.08,5.07,6.36,176.63,3.88,1.65,Cooked,4.0
114.83,7.84,1.66,101.09,4.26,2.57,Cooked,4.0
190.36,13.92,2.6,152.31,4.15,0.96,Cooked,4.0
98.56,7.72,0.82,117.29,4.97,1.15,Cooked,4.0
175.23,11.37,5.24,64.92,4.27,3.93,Cooked,4.0
83.12,0.84,1.36,127.78,4.74,2.96,Cooked,5.0
37.81,0.74,2.13,116.38,2.29,0.95,Cooked,5.0
62.96,4.22,1.56,77.5,1.02,2.15,Cooked,4.0
60.28,1.5,2.16,116.66,4.23,3.79,Cooked,5.0
89.91,4.4,3.94,125.01,1.4,1.32,Cooked,3.5
141.75,10.05,8.23,13.42,1.47,1.87,Cooked,3.5
76.71,5.32,3.62,29.87,1.24,2.34,Cooked,4.0
78.14,1.22,9.78,7.11,0.91,1.58,Cooked,4.0
59.0,1.84,5.98,165.21,3.74,0.97,Cooked,5.0
150.39,8.98,7.11,235.83,8.59,1.89,Cooked,4.0
60.89,2.19,5.59,189.2,4.62,0.16,Cooked,4.5
56.31,2.07,5.25,188.37,3.98,0.85,Cooked,4.5
59.13,2.08,5.22,189.96,4.04,0.86,Cooked,4.5
56.83,1.99,4.93,180.79,4.0,1.39,Cooked,4.5
77.59,2.96,7.48,274.38,5.64,0.34,Cooked,4.5
75.38,2.04,5.08,183.37,4.22,0.75,Cooked,4.5
687.72,73.83,1.88,99.18,2.19,0.46,Cooked,3.0
99.24,1.78,15.36,42.98,3.24,1.02,Cooked,4.5
667.73,70.4,1.78,79.0,2.96,0.97,Cooked,3.5
667.34,70.28,2.05,77.9,2.98,1.13,Cooked,3.5
141.53,0.15,31.31,244.38,1.01,0.93,Cooked,3.5
75.03,2.97,8.02,16.24,2.3,0.17,Cooked,4.5
107.85,5.0,11.54,23.4,3.31,0.11,Cooked,4.0
120.07,5.0,12.79,22.52,3.35,0.5,Cooked,4.0
113.21,4.2,12.88,22.66,3.43,0.51,Cooked,4.0
105.31,5.37,9.87,23.81,4.53,0.07,Cooked,4.0
83.51,3.8,9.28,22.67,2.87,0.51,Cooked,4.0
85.35,3.85,9.63,28.54,2.81,0.73,Cooked,4.0
81.95,3.95,8.49,25.19,3.04,0.55,Cooked,4.5
77.16,2.97,7.92,16.34,2.95,0.4,Cooked,4.5
116.12,4.34,10.79,22.47,3.49,0.36,Cooked,4.0
225.65,13.38,13.98,1.28,2.16,1.86,Cooked,3.5
382.34,21.73,27.21,2.18,3.48,2.96,Cooked,3.0
172.64,9.73,16.85,39.96,3.11,2.65,Cooked,3.5
299.74,13.41,37.85,83.04,7.85,0.49,Cooked,3.5
151.66,3.48,17.42,4.23,1.53,1.64,Cooked,3.5
190.27,8.81,26.64,8.09,1.33,2.97,Cooked,3.0
349.8,17.68,25.59,11.19,8.35,2.65,Cooked,3.0
121.58,4.87,14.98,43.57,4.97,0.0,Cooked,4.0
106.53,5.3,9.42,47.13,5.41,0.0,Cooked,4.0
109.18,5.07,11.15,122.17,5.01,0.0,Cooked,4.0
177.7,11.25,15.33,36.79,4.47,0.0,Cooked,3.5
125.69,7.62,11.01,29.13,3.4,0.52,Cooked,4.0
171.46,10.38,14.03,38.78,4.37,0.33,Cooked,3.5
173.52,11.15,14.52,33.47,4.31,0.08,Cooked,3.5
168.51,10.02,11.67,50.73,6.95,0.0,Cooked,4.0
168.28,9.73,12.31,49.22,6.8,0.22,Cooked,4.0
187.85,11.19,12.86,56.73,7.71,0.0,Cooked,4.0
189.32,11.36,12.69,56.07,7.88,0.0,Cooked,4.0
196.14,11.72,13.45,59.17,8.06,0.0,Cooked,4.0
106.92,4.27,10.56,28.79,4.21,1.6,Cooked,4.0
188.26,12.19,10.3,51.71,7.96,0.0,Cooked,4.0
124.98,8.47,8.89,19.62,3.21,0.88,Cooked,4.0
101.18,5.43,11.37,10.17,1.44,1.03,Cooked,3.5
188.29,4.78,20.48,56.45,3.95,1.01,Cooked,3.5
116.97,3.93,13.89,26.95,2.93,0.12,Cooked,4.0
95.21,4.97,8.01,39.6,4.67,0.03,Cooked,4.5
98.43,4.7,10.39,23.97,3.21,0.12,Cooked,4.0
278.03,12.04,26.53,79.1,2.34,0.58,Cooked,3.0
112.93,4.05,10.87,44.16,4.84,0.17,Cooked,4.0
285.01,18.37,18.63,37.83,11.29,0.05,Cooked,3.5
211.96,9.48,20.68,171.36,3.55,0.53,Cooked,3.5
167.94,7.88,11.84,96.3,5.59,0.98,Cooked,4.0
132.92,5.38,11.77,85.59,5.51,0.27,Cooked,4.0
257.73,11.91,22.16,74.52,3.15,0.8,Cooked,3.0
322.42,13.31,31.18,3.87,3.93,4.13,Cooked,3.0
92.87,1.82,15.46,16.66,1.27,1.01,Cooked,4.0
101.51,0.31,19.4,12.8,0.86,1.25,Cooked,4.0
179.97,8.95,14.93,58.8,6.87,0.29,Cooked,4.0
226.09,11.1,22.88,54.11,6.7,0.12,Cooked,3.5
192.93,9.07,18.17,59.59,6.87,0.13,Cooked,3.5
408.32,27.96,30.43,31.65,9.82,0.17,Cooked,3.0
467.64,34.63,31.5,27.63,8.81,3.5,Cooked,3.0
275.96,17.68,23.92,18.15,5.86,0.73,Cooked,3.5
339.33,17.86,32.38,39.32,13.0,0.0,Cooked,3.0
421.74,28.46,31.43,4.23,5.48,1.12,Cooked,3.0
421.79,22.41,28.44,13.02,11.19,3.41,Cooked,3.0
428.71,21.86,33.28,14.4,6.71,4.68,Cooked,3.0
464.43,27.03,27.32,9.06,5.68,6.69,Cooked,3.5
476.91,22.76,37.76,5.48,8.93,4.43,Cooked,3.0
396.96,19.64,38.63,18.55,10.7,7.72,Cooked,3.5
252.69,8.2,35.55,11.4,10.46,0.0,Cooked,3.5
127.41,8.93,8.9,24.97,3.01,0.06,Cooked,4.0
768.98,78.93,6.08,3.28,1.86,0.52,Cooked,3.0
586.06,53.23,24.12,15.09,2.03,0.07,Cooked,2.5
566.68,54.64,11.77,6.35,1.71,0.62,Cooked,3.0
189.81,2.54,34.7,71.04,2.76,0.51,Cooked,3.5
677.19,71.84,0.22,63.38,1.9,1.03,Cooked,3.0
674.61,71.84,0.88,63.55,1.9,1.11,Cooked,3.0
671.63,71.86,0.23,66.54,1.98,1.26,Cooked,3.0
673.81,71.86,0.38,65.35,1.94,1.13,Cooked,3.0
712.62,76.38,0.2,69.54,1.96,1.02,Cooked,3.0
713.25,76.39,0.25,69.83,2.06,1.18,Cooked,3.5
710.51,75.86,0.19,75.37,2.83,0.86,Cooked,3.5
710.99,74.2,0.46,101.49,2.57,1.11,Cooked,3.5
718.12,76.05,1.08,131.7,3.27,0.89,Cooked,3.5
632.84,67.8,0.27,132.53,1.09,0.83,Cooked,3.0
577.39,59.19,0.29,77.1,1.71,1.19,Cooked,3.0
620.99,64.26,0.5,88.64,4.43,0.39,Cooked,3.5
623.81,63.65,1.69,78.18,4.02,1.02,Cooked,3.5
805.12,83.1,0.29,64.7,1.75,0.6,Cooked,3.0
712.73,72.27,0.34,90.56,2.51,0.97,Cooked,3.5
665.45,71.33,0.35,85.38,1.25,0.93,Cooked,3.0
701.71,73.89,0.27,76.65,1.76,0.86,Cooked,3.0
698.77,74.0,0.51,84.24,2.63,1.21,Cooked,3.5
654.64,70.11,0.29,75.33,2.77,0.54,Cooked,3.5
672.94,71.4,1.02,85.71,2.47,0.41,Cooked,3.5
688.03,73.6,0.16,79.13,1.44,0.93,Cooked,3.0
785.37,84.11,0.53,121.05,1.98,0.31,Cooked,3.0
519.93,50.63,1.88,168.97,3.26,1.7,Cooked,3.5
249.5,12.43,3.42,397.73,5.79,1.95,Cooked,3.5
690.73,73.72,0.74,83.67,1.57,0.59,Cooked,3.0
826.02,89.15,0.24,74.53,1.69,1.07,Cooked,3.0
749.89,79.82,0.19,71.29,1.01,0.62,Cooked,3.0
681.67,72.77,0.23,93.33,2.16,0.58,Cooked,3.0
93.85,4.49,4.61,103.39,5.11,1.23,Cooked,4.5
320.46,11.13,43.92,15.99,6.94,2.63,Cooked,3.0
623.87,64.63,0.6,132.84,1.81,0.67,Cooked,3.0
298.13,0.7,61.86,437.91,2.43,3.74,Cooked,3.0
258.37,19.06,2.76,475.34,11.8,5.73,Cooked,3.5
265.92,25.0,3.79,428.28,3.59,6.73,Cooked,3.5
102.6,0.51,15.88,391.66,2.81,4.33,Cooked,4.0
225.6,10.73,9.31,59.74,3.72,0.91,Cooked,4.0
303.35,17.45,10.68,76.09,6.12,0.81,Cooked,4.0
360.72,17.35,14.74,70.34,4.42,1.14,Cooked,3.5
197.16,8.72,10.08,36.85,2.58,0.64,Cooked,3.5
195.4,8.21,11.09,37.88,2.29,0.87,Cooked,3.5
246.1,15.28,3.16,212.42,5.51,1.18,Cooked,4.0
238.98,13.83,3.62,103.29,7.45,2.21,Cooked,4.0
221.55,13.04,1.42,127.85,7.38,2.33,Cooked,4.0
258.73,12.21,11.95,60.14,3.35,1.77,Cooked,3.5
224.43,8.16,21.17,85.12,3.88,0.44,Cooked,3.5
214.76,9.17,15.03,80.77,4.98,0.37,Cooked,3.5
221.33,15.48,5.94,98.76,4.7,0.38,Cooked,4.0
239.42,13.5,17.34,85.88,4.24,0.33,Cooked,3.5
681.28,72.57,0.63,120.7,2.21,0.18,Cooked,3.0
265.72,19.57,0.88,252.18,6.88,0.77,Cooked,4.0
324.01,22.67,3.93,295.22,7.38,1.24,Cooked,3.5
177.1,13.23,2.91,286.96,9.18,0.12,Cooked,4.0
125.64,7.64,1.78,97.2,5.51,0.66,Cooked,4.5
142.92,9.24,1.68,110.94,11.23,0.1,Cooked,4.5
104.25,7.24,1.64,104.69,5.43,0.99,Cooked,4.5
353.94,16.17,27.74,174.0,6.18,0.71,Cooked,3.0
290.08,12.87,23.52,136.95,4.94,1.22,Cooked,3.0
354.11,16.27,27.56,138.48,6.3,0.71,Cooked,3.0
335.61,15.18,27.58,241.93,6.01,0.64,Cooked,3.0
357.61,16.21,28.38,105.41,6.1,0.83,Cooked,3.0
324.19,13.31,24.54,160.6,5.36,0.87,Cooked,3.0
389.51,23.31,23.04,117.81,5.77,1.14,Cooked,3.0
311.71,15.8,24.25,188.59,5.76,0.7,Cooked,3.0
372.95,16.88,27.45,64.84,5.49,1.49,Cooked,3.0
370.54,20.39,32.43,107.27,3.89,0.79,Cooked,3.0
318.08,11.75,27.7,310.5,8.12,0.68,Cooked,3.0
251.87,3.77,32.96,51.9,7.3,0.55,Cooked,3.5
208.21,7.87,18.83,44.3,6.06,0.72,Cooked,3.5
233.55,8.46,21.35,53.43,6.09,0.54,Cooked,3.5
274.86,8.86,28.55,46.86,7.09,1.87,Cooked,3.5
195.57,9.34,16.16,37.47,5.01,0.76,Cooked,4.0
424.8,23.62,22.58,280.44,6.56,1.54,Cooked,2.5
425.29,19.38,30.29,278.29,5.79,1.05,Cooked,2.5
380.76,17.67,21.77,132.59,5.86,1.07,Cooked,3.0
379.76,17.09,24.16,127.02,5.88,1.01,Cooked,3.0
434.98,27.16,20.76,105.76,5.78,3.64,Cooked,3.0
407.96,22.39,7.22,414.7,6.15,1.68,Cooked,3.0
401.05,20.41,21.26,202.26,8.45,2.48,Cooked,3.0
404.6,18.66,23.25,131.73,5.4,1.16,Cooked,3.0
458.61,22.01,22.42,5.65,6.05,1.9,Cooked,3.0
393.64,20.75,6.82,714.52,6.06,2.14,Cooked,3.0
374.24,14.44,26.69,449.14,5.7,1.28,Cooked,2.5
365.0,11.01,29.12,477.99,6.61,1.6,Cooked,2.5
475.33,24.92,21.73,201.06,5.33,1.37,Cooked,3.0
443.09,17.98,23.31,145.0,6.03,1.57,Cooked,3.0
416.57,23.0,21.69,112.53,6.9,1.59,Cooked,3.0
437.91,21.78,25.0,119.09,5.71,1.88,Cooked,3.0
417.91,18.31,27.06,79.68,5.98,1.49,Cooked,3.0
839.33,90.45,0.17,78.25,2.46,1.47,Cooked,3.5
698.17,74.02,0.35,88.72,3.53,2.2,Cooked,3.5
838.46,89.83,0.22,72.05,2.65,1.41,Cooked,3.5
550.99,36.84,43.08,6.78,9.31,4.09,Cooked,3.0
740.16,78.51,0.28,73.15,1.65,0.81,Cooked,3.0
758.89,80.04,0.25,74.88,2.08,1.39,Cooked,3.5
798.26,82.44,0.15,142.82,2.74,1.18,Cooked,3.5
190.21,0.64,19.41,8.38,4.15,2.23,Cooked,4.5
782.75,79.63,7.15,2.57,2.12,1.54,Cooked,3.0
441.08,18.41,31.12,5.25,9.84,6.02,Cooked,3.5
121.17,6.81,12.12,27.77,2.71,1.17,Cooked,4.0
366.59,7.93,24.73,12.05,9.51,8.16,Cooked,3.5
111.56,4.71,1.67,196.73,2.81,3.12,Cooked,4.0
192.6,6.89,1.93,220.82,5.59,3.13,Cooked,4.0
319.66,8.06,27.44,12.26,9.61,6.0,Cooked,3.5
485.87,24.98,38.12,6.09,7.65,4.57,Cooked,3.0
149.26,1.51,2.03,170.96,7.17,5.74,Cooked,5.0
699.53,74.07,1.21,73.17,1.56,1.07,Cooked,3.0
216.49,5.28,4.78,376.02,13.45,4.95,Cooked,3.5
24.9,0.51,5.14,0.29,0.17,0.16,Cooked,4.5
15.91,0.33,2.96,2.82,0.39,0.0,Cooked,4.5
90.01,4.61,8.86,36.04,3.43,0.0,Cooked,4.0
82.76,3.29,11.91,15.35,1.93,0.0,Cooked,4.0
76.45,2.77,9.94,16.63,2.01,0.27,Cooked,4.5
66.78,2.83,8.61,16.34,2.06,0.0,Cooked,4.5
30.24,0.26,5.71,215.62,0.44,0.95,Cooked,4.0
48.02,0.06,12.08,21.5,0.14,0.17,Cooked,4.5
40.32,0.02,10.47,26.69,0.03,0.03,Cooked,4.5
6.61,0.42,0.21,43.03,0.24,0.36,Cooked,4.5
6.9,0.42,0.09,41.45,0.39,0.49,Cooked,4.5
16.26,0.39,0.1,35.99,0.44,0.43,Cooked,4.5
78.4,2.98,7.04,65.33,2.5,0.48,Cooked,4.5
147.89,7.49,1.31,101.59,3.3,3.24,Cooked,4.5
149.11,7.45,1.4,101.8,3.11,3.21,Cooked,4.5
151.27,7.46,1.13,101.75,2.63,2.12,Cooked,4.0
129.51,7.75,1.56,176.44,2.8,1.96,Cooked,4.0
146.47,6.63,1.39,347.02,4.73,4.19,Cooked,4.0
294.53,14.14,0.87,377.1,6.09,3.72,Cooked,3.5
180.52,8.07,1.4,418.02,4.89,3.76,Cooked,3.5
154.89,5.11,1.11,267.23,6.97,4.25,Cooked,4.5
205.19,8.89,3.81,289.1,11.44,4.03,Cooked,4.0
102.83,7.02,1.95,218.05,6.1,1.53,Cooked,4.0
211.04,18.86,0.1,381.85,10.03,0.38,Cooked,3.5
188.15,16.84,0.08,340.53,8.82,0.0,Cooked,4.0
194.66,16.84,1.68,340.92,8.93,0.0,Cooked,4.0
205.63,17.82,1.07,400.29,9.69,0.93,Cooked,3.5
157.45,11.44,1.03,233.87,8.25,2.54,Cooked,4.0
25.19,1.71,0.2,9.51,2.06,0.15,Cooked,5.0
24.48,1.78,0.0,8.62,2.1,0.0,Cooked,5.0
6.99,0.56,0.24,1.56,0.07,0.17,Cooked,4.5
29.76,13.68,0.24,12665.52,14.86,0.71,Cooked,4.0
27.76,10.66,0.83,10208.47,12.49,1.38,Cooked,4.0
29.94,12.98,0.27,12524.61,15.23,0.81,Cooked,4.0
39.81,12.9,0.87,10958.11,11.06,2.49,Cooked,4.0
32.59,14.26,0.29,12088.21,10.54,1.98,Cooked,4.0
35.71,11.66,1.64,9202.27,8.22,1.64,Cooked,4.0
41.13,17.07,0.84,13695.35,12.39,1.8,Cooked,4.0
54.42,13.28,1.26,11602.5,11.26,2.6,Cooked,4.0
59.77,12.35,1.77,8694.79,8.27,1.98,Cooked,4.0
56.14,12.75,1.59,8792.43,8.97,1.89,Cooked,4.0
60.2,12.05,1.24,8503.99,8.1,1.51,Cooked,4.0
78.65,13.8,1.94,8376.94,10.13,0.91,Cooked,4.0
11.88,0.34,0.51,207.89,0.34,0.73,Cooked,4.5
16.9,1.56,0.22,287.15,0.11,0.16,Cooked,4.0
127.55,8.91,1.43,79.62,7.19,1.82,Cooked,4.5
145.55,8.41,4.85,73.15,6.98,3.08,Cooked,4.5
191.27,7.27,2.71,241.19,4.37,5.16,Cooked,4.0
148.36,4.34,2.44,48.36,4.27,5.09,Cooked,4.5
598.79,59.14,0.41,49.71,2.35,1.87,Cooked,3.5
697.66,71.51,0.35,58.33,2.59,1.94,Cooked,3.5
527.66,52.18,0.54,46.48,1.91,1.4,Cooked,3.0
592.83,57.69,0.48,47.77,3.04,2.25,Cooked,3.5
584.68,57.51,0.5,55.45,3.21,2.03,Cooked,3.5
146.77,8.72,1.38,225.02,6.85,1.71,Cooked,4.0
157.67,10.6,1.23,344.23,6.82,1.59,Cooked,4.0
147.39,9.28,3.48,281.62,5.15,1.06,Cooked,4.0
116.04,10.48,1.29,4942.18,12.01,0.7,Cooked,3.5
184.8,3.67,4.36,59.06,5.28,4.44,Cooked,4.5
98.21,1.37,0.17,61.29,1.95,0.98,Cooked,4.5
135.24,3.2,0.64,219.73,2.47,1.4,Cooked,4.0
108.87,1.9,1.3,86.18,3.89,3.21,Cooked,5.0
116.53,2.3,1.59,98.07,3.6,3.16,Cooked,5.0
125.51,2.58,1.99,103.09,3.44,2.69,Cooked,4.5
130.77,10.78,1.0,3115.59,6.52,1.65,Cooked,3.5
108.24,8.48,0.99,3093.47,6.07,1.64,Cooked,3.5
120.57,4.88,1.44,93.42,4.62,1.64,Cooked,4.5
57.03,1.01,0.12,37.14,1.72,0.85,Cooked,4.5
247.29,3.61,3.35,1504.66,9.16,7.13,Cooked,4.0
380.91,8.43,0.7,142.98,10.34,5.23,Cooked,4.0
144.53,3.26,1.53,122.08,4.84,4.31,Cooked,4.5
243.12,8.84,4.81,160.4,10.31,3.11,Cooked,4.0
255.95,9.03,1.5,228.69,6.18,4.4,Cooked,4.0
267.7,22.63,4.16,26.59,3.12,6.19,Cooked,4.5
136.08,7.01,1.68,182.79,4.58,2.05,Cooked,4.0
97.43,9.51,1.41,5358.6,9.35,1.08,Cooked,3.5
161.55,10.17,1.0,2511.99,9.15,1.19,Cooked,3.5
158.13,10.64,1.87,189.13,5.61,1.11,Cooked,4.0
158.54,10.44,3.03,199.55,3.95,1.25,Cooked,4.0
63.38,3.43,1.04,37.08,2.9,0.47,Cooked,4.5
49.23,2.16,1.37,40.78,1.71,0.66,Cooked,4.5
240.84,4.37,1.03,177.24,6.55,1.6,Cooked,4.0
34.79,0.12,1.25,115.6,2.22,1.22,Cooked,5.0
69.43,2.17,1.32,109.56,3.14,2.5,Cooked,5.0
52.84,2.76,0.23,109.97,2.05,1.3,Cooked,4.5
24.08,2.05,0.45,112.36,0.4,0.39,Cooked,4.0
26.74,0.88,0.83,104.11,1.13,1.6,Cooked,4.5
24.41,0.87,0.44,102.77,1.11,1.54,Cooked,4.5
63.43,2.48,0.15,181.69,3.23,3.02,Cooked,5.0
79.39,5.46,0.86,60.09,2.33,2.15,Cooked,4.0
68.57,3.06,1.24,122.05,2.92,1.12,Cooked,4.5
189.38,10.72,4.5,356.27,7.75,3.25,Cooked,4.0
135.07,9.54,2.27,83.47,9.08,0.86,Cooked,4.5
115.64,8.54,1.64,56.94,7.09,0.78,Cooked,4.5
418.13,43.83,0.78,104.53,4.14,0.91,Cooked,3.5
109.79,7.85,1.27,170.06,6.82,1.49,Cooked,4.5
132.86,9.27,2.09,78.14,9.22,0.76,Cooked,4.5
133.94,8.43,1.4,102.17,11.25,1.88,Cooked,4.5
335.75,34.7,0.75,57.44,3.84,0.6,Cooked,4.0
500.94,55.99,1.1,2257.67,2.85,0.86,Cooked,3.0
131.43,9.5,4.66,148.98,3.86,2.57,Cooked,4.0
70.77,4.11,1.39,61.63,2.79,3.13,Cooked,4.5
82.62,5.11,1.64,70.97,3.03,2.86,Cooked,4.5
406.06,43.8,1.44,38.05,1.18,0.61,Cooked,3.0
47.63,2.96,1.0,70.97,1.94,2.27,Cooked,4.5
332.15,32.94,1.65,73.56,2.29,0.86,Cooked,3.5
199.9,13.06,0.05,71.71,20.49,0.03,Cooked,4.5
163.7,12.02,2.86,142.56,9.82,0.96,Cooked,4.0
111.68,6.71,0.93,104.83,10.57,1.42,Cooked,4.5
152.87,9.57,2.11,97.08,13.52,0.69,Cooked,4.5
119.56,7.57,2.49,104.01,7.97,1.92,Cooked,4.5
129.17,8.24,1.95,365.86,8.24,1.21,Cooked,4.0
445.09,47.59,0.89,1809.94,6.92,0.58,Cooked,3.0
147.96,9.67,3.32,119.21,9.83,1.82,Cooked,4.5
109.43,7.03,2.39,76.38,7.26,1.93,Cooked,4.5
542.9,55.82,0.17,103.55,5.66,0.34,Cooked,3.5
86.21,4.43,1.55,73.93,8.66,1.52,Cooked,4.5
109.55,6.93,2.03,375.86,8.54,1.56,Cooked,4.0
121.96,5.43,0.35,74.36,16.14,0.38,Cooked,4.5
120.9,5.77,1.13,101.8,9.25,0.76,Cooked,4.5
138.4,6.41,1.53,192.42,10.95,1.21,Cooked,4.0
139.71,8.55,2.09,92.45,10.51,0.19,Cooked,4.5
89.56,4.47,1.58,78.4,1.52,2.42,Cooked,4.0
117.52,8.81,1.9,142.12,5.38,2.09,Cooked,4.5
83.07,4.66,1.41,43.4,2.77,3.35,Cooked,4.5
59.9,2.72,1.82,51.99,1.56,1.19,Cooked,4.5
455.4,49.08,0.63,30.12,0.56,0.56,Cooked,3.0
322.88,33.84,0.63,42.22,0.71,1.04,Cooked,3.0
321.08,33.83,2.4,40.04,0.8,0.96,Cooked,3.0
57.17,2.82,0.93,62.46,1.63,2.04,Cooked,4.5
91.2,7.25,1.07,89.73,1.69,2.36,Cooked,4.0
90.9,7.29,1.08,81.99,2.26,3.8,Cooked,4.0
142.48,9.36,1.26,118.05,8.21,1.84,Cooked,4.5
124.63,8.17,3.81,123.98,5.76,2.35,Cooked,4.5
134.95,8.97,1.55,81.25,2.12,2.47,Cooked,4.0
185.38,11.9,0.81,261.31,3.01,3.1,Cooked,4.0
84.55,6.05,1.57,63.65,2.05,3.63,Cooked,4.0
110.81,9.27,1.42,92.78,1.83,3.57,Cooked,4.0
657.76,70.4,0.26,40.42,1.91,1.75,Cooked,3.0
105.06,9.22,1.7,81.22,2.03,4.15,Cooked,4.0
162.36,15.24,1.95,360.09,1.36,2.86,Cooked,3.0
488.97,51.78,3.55,33.68,0.93,1.33,Cooked,3.0
491.76,51.79,0.8,37.07,0.79,1.44,Cooked,3.0
95.67,5.54,1.47,86.29,2.75,3.26,Cooked,4.5
68.48,4.38,1.79,79.46,1.4,2.97,Cooked,4.0
30.78,1.47,0.86,55.0,1.04,1.37,Cooked,4.5
40.7,2.48,1.08,59.26,2.49,2.83,Cooked,4.5
82.8,4.18,0.91,34.18,3.32,4.17,Cooked,4.5
90.95,5.88,1.47,194.22,5.21,2.4,Cooked,4.0
93.19,5.8,1.52,106.99,5.84,1.18,Cooked,4.5
140.54,9.01,0.29,103.85,3.6,1.29,Cooked,4.0
87.32,2.35,0.33,90.67,1.53,1.71,Cooked,4.0
100.2,4.39,0.4,92.09,3.82,1.31,Cooked,4.5
111.62,4.77,1.41,182.12,5.71,2.49,Cooked,4.5
119.51,6.28,0.34,4.62,1.49,1.59,Cooked,3.5
419.62,44.14,1.17,90.21,2.28,1.02,Cooked,3.0
106.66,6.63,2.51,118.98,3.65,1.23,Cooked,4.0
145.9,10.2,3.01,164.96,4.45,1.44,Cooked,4.0
126.88,8.28,2.69,117.99,4.03,1.91,Cooked,4.0
150.18,10.52,0.89,244.07,7.36,1.44,Cooked,4.0
84.92,6.45,1.97,110.12,3.36,0.55,Cooked,4.0
121.9,8.13,0.84,102.66,2.89,1.21,Cooked,4.0
49.88,3.24,1.9,65.09,1.33,1.33,Cooked,4.0
160.46,11.3,1.46,26.02,3.36,3.09,Cooked,4.5
36.13,0.93,2.28,141.73,2.09,1.66,Cooked,5.0
100.55,6.99,1.21,76.02,6.9,1.14,Cooked,4.5
48.86,0.85,2.86,74.2,5.85,1.8,Cooked,5.0
50.37,0.26,3.21,98.17,6.87,1.58,Cooked,5.0
103.51,4.17,14.38,13.23,1.68,0.26,Cooked,3.5
733.77,79.65,3.01,261.13,0.32,0.22,Cooked,3.0
329.05,33.84,3.68,193.58,2.13,0.04,Cooked,3.0
78.8,2.9,7.57,204.62,5.59,0.22,Cooked,4.5
64.78,2.19,5.99,274.46,4.14,1.69,Cooked,4.5
55.6,1.88,5.48,129.14,3.74,1.04,Cooked,5.0
112.05,6.19,6.17,223.01,7.05,1.79,Cooked,4.0
52.75,1.86,3.97,126.57,3.95,1.39,Cooked,5.0
54.4,1.76,4.11,110.92,4.13,2.19,Cooked,5.0
67.74,2.02,8.12,135.48,3.9,1.39,Cooked,4.5
89.03,2.07,10.11,135.43,4.13,1.0,Cooked,4.5
67.37,2.14,7.87,135.46,3.9,0.89,Cooked,4.5
64.36,2.07,6.71,135.94,4.19,3.0,Cooked,4.5
72.59,2.07,8.51,135.64,3.98,0.71,Cooked,4.5
84.07,3.86,9.63,19.62,2.7,0.55,Cooked,4.0
86.35,3.86,10.12,20.99,2.76,0.63,Cooked,4.0
81.3,3.18,10.71,15.86,2.14,0.51,Cooked,4.0
122.7,5.01,14.92,44.78,5.11,0.0,Cooked,4.0
228.67,18.15,13.45,23.97,2.69,0.0,Cooked,3.5
214.85,17.02,11.69,37.72,4.16,0.0,Cooked,4.0
215.61,16.96,11.6,37.62,4.15,0.0,Cooked,4.0
241.45,17.93,16.08,34.84,4.23,0.0,Cooked,3.5
273.96,18.49,21.02,29.83,5.04,0.51,Cooked,3.5
183.49,13.11,14.41,16.26,2.08,0.07,Cooked,3.5
263.2,10.39,42.06,2.8,1.91,0.0,Cooked,3.0
150.62,9.43,13.35,42.09,3.15,0.0,Cooked,4.0
203.99,13.22,16.88,51.11,2.88,0.15,Cooked,3.5
277.32,20.99,17.73,22.24,3.11,0.47,Cooked,3.5
200.85,14.51,13.35,17.92,2.06,0.06,Cooked,3.5
196.32,11.45,14.19,31.54,1.73,0.26,Cooked,3.0
57.39,2.62,5.66,14.36,1.41,0.97,Cooked,4.0
125.49,6.68,10.51,15.65,2.78,0.7,Cooked,4.0
150.1,7.88,15.3,24.59,3.34,2.19,Cooked,4.0
107.09,7.09,9.03,17.27,2.09,0.09,Cooked,3.5
230.52,18.16,8.99,48.64,6.85,0.0,Cooked,4.0
169.87,9.78,13.88,46.35,5.89,0.0,Cooked,4.0
173.19,9.82,14.42,46.53,5.94,0.11,Cooked,4.0
181.22,10.39,14.99,49.38,6.23,0.0,Cooked,4.0
179.54,10.32,14.49,49.09,6.22,0.0,Cooked,4.0
187.53,10.86,15.31,47.77,6.37,0.0,Cooked,4.0
74.32,0.32,17.67,1.7,0.25,2.84,Cooked,4.0
240.79,11.35,21.29,8.28,1.54,1.0,Cooked,3.0
200.6,12.29,20.37,26.34,1.84,0.06,Cooked,3.0
220.85,8.87,27.69,59.36,1.54,1.33,Cooked,3.0
301.91,19.01,19.72,100.32,4.49,0.29,Cooked,3.0
155.25,7.93,12.07,47.75,5.29,0.14,Cooked,4.0
471.15,40.15,27.04,67.28,0.85,0.05,Cooked,2.5
130.05,1.92,27.84,16.65,1.52,0.02,Cooked,3.5
130.05,1.92,27.84,16.65,1.52,0.02,Cooked,3.5
130.05,1.92,27.84,16.65,1.52,0.02,Cooked,3.5
133.7,2.28,27.66,16.57,1.71,0.11,Cooked,3.5
118.64,1.75,25.4,15.19,1.38,0.01,Cooked,3.5
135.55,2.11,28.71,16.46,1.61,0.07,Cooked,3.5
411.45,26.01,35.6,31.14,9.98,4.07,Cooked,3.0
102.68,4.72,11.98,23.31,3.24,0.09,Cooked,4.0
348.67,16.86,28.67,8.33,3.47,2.8,Cooked,3.0
186.18,12.66,16.11,8.95,1.75,4.29,Cooked,3.5
396.02,24.09,33.37,31.71,12.21,3.08,Cooked,3.5
501.7,29.86,18.46,27.06,9.38,6.01,Cooked,3.5
441.84,25.45,19.79,3.93,5.44,4.27,Cooked,3.5
282.74,4.66,36.48,17.93,8.5,5.54,Cooked,3.5
253.82,0.32,48.27,15.03,2.12,0.37,Cooked,3.5
551.64,57.61,1.58,99.22,2.05,1.44,Cooked,3.0
668.76,71.01,0.27,120.9,2.22,1.34,Cooked,3.0
590.09,60.98,0.22,103.23,6.03,0.96,Cooked,3.5
577.03,59.52,0.22,112.24,5.97,0.96,Cooked,3.5
672.2,69.38,2.52,91.45,4.59,0.39,Cooked,3.5
558.76,56.97,0.1,48.17,0.56,0.54,Cooked,3.0
496.45,50.94,0.32,57.11,2.0,1.35,Cooked,3.0
575.02,60.25,0.2,79.4,2.45,0.58,Cooked,3.5
531.86,54.47,0.31,95.81,5.1,0.4,Cooked,3.5
443.11,42.22,0.74,107.7,2.21,1.52,Cooked,3.0
745.5,76.32,0.16,65.87,4.39,2.27,Cooked,3.5
703.78,71.62,0.7,61.49,4.32,2.71,Cooked,3.5
54.73,2.8,1.36,124.1,1.92,1.49,Cooked,4.5
207.11,9.37,6.86,763.98,7.66,3.57,Cooked,3.5
44.66,0.32,6.31,209.42,1.05,2.14,Cooked,4.0
43.65,0.36,5.48,183.98,1.53,2.63,Cooked,4.5
42.86,0.37,5.5,186.64,1.38,2.47,Cooked,4.0
43.02,0.62,0.06,215.09,1.44,4.58,Cooked,4.5
370.43,33.46,4.4,160.0,9.44,3.04,Cooked,4.0
84.22,0.11,19.04,222.53,0.28,0.31,Cooked,3.5
312.34,2.67,1.16,195.67,21.55,13.95,Cooked,5.0
346.36,15.88,10.41,321.07,12.88,13.16,Cooked,4.0
76.13,2.44,7.83,222.77,4.82,0.77,Cooked,4.5
56.21,1.94,5.42,132.48,3.88,0.63,Cooked,5.0
241.27,23.44,4.39,119.58,3.01,0.41,Cooked,3.5
150.68,6.31,1.79,222.22,4.03,2.1,Cooked,4.0
189.92,9.39,2.58,420.6,6.26,1.91,Cooked,3.5
186.75,11.51,1.82,274.68,6.82,1.37,Cooked,4.0
243.33,10.56,2.91,460.09,9.04,3.35,Cooked,3.5
273.59,13.88,2.78,453.3,7.18,3.67,Cooked,3.5
249.58,9.58,3.96,315.4,8.74,3.73,Cooked,4.0
285.78,16.77,1.77,287.39,12.58,1.53,Cooked,3.5
293.07,15.29,2.7,321.57,6.45,2.07,Cooked,3.5
239.26,13.37,4.66,382.11,6.26,2.92,Cooked,3.5
348.37,24.65,2.9,358.25,7.37,2.22,Cooked,3.5
216.92,15.32,2.5,254.28,6.09,1.24,Cooked,4.0
274.07,14.24,3.24,504.41,9.84,1.74,Cooked,3.5
241.31,15.14,1.95,381.29,8.58,1.39,Cooked,3.5
193.82,10.1,1.13,365.63,9.03,1.52,Cooked,3.5
188.16,8.83,2.48,226.72,8.63,1.67,Cooked,4.0
239.86,5.51,25.0,61.47,9.13,0.52,Cooked,3.5
306.08,19.76,18.83,44.53,6.01,0.29,Cooked,3.5
225.62,12.58,26.13,34.9,3.43,0.0,Cooked,3.5
184.62,0.0,41.54,0.0,0.0,0.0,Cooked,3.5
243.37,10.12,22.34,46.54,7.05,0.32,Cooked,3.5
230.74,8.91,19.7,49.99,6.78,0.43,Cooked,3.5
178.05,6.02,18.33,80.41,4.78,0.68,Cooked,3.5
217.82,8.58,21.97,79.37,5.94,0.28,Cooked,3.5
373.85,20.63,25.84,151.29,5.29,0.62,Cooked,3.0
396.62,22.7,21.3,182.74,7.78,1.81,Cooked,3.0
373.09,19.83,28.18,145.28,5.18,0.59,Cooked,3.0
312.01,13.19,34.2,196.61,6.66,0.32,Cooked,3.0
355.62,13.82,37.87,226.28,7.16,0.56,Cooked,3.0
436.29,20.8,59.88,8.66,3.22,0.0,Cooked,3.0
500.72,25.37,71.64,5.98,0.19,0.0,Cooked,2.5
469.59,24.77,59.82,4.99,3.21,0.0,Cooked,3.0
407.74,19.7,22.19,151.76,6.25,1.5,Cooked,3.0
354.78,11.01,42.63,259.14,3.63,0.75,Cooked,3.0
357.43,12.73,21.64,918.57,6.26,2.0,Cooked,2.5
443.07,27.16,18.27,88.17,7.57,1.88,Cooked,3.0
406.07,15.88,26.01,127.36,5.67,2.17,Cooked,3.0
386.05,15.01,24.89,120.2,5.43,2.28,Cooked,3.0
404.85,15.84,25.94,127.01,5.66,2.33,Cooked,3.0
392.03,10.04,53.05,76.09,3.54,1.47,Cooked,3.0
385.63,15.0,24.77,120.45,5.43,2.65,Cooked,3.0
427.17,19.34,34.72,126.84,5.1,0.9,Cooked,3.0
404.61,19.33,29.76,110.57,4.23,2.02,Cooked,3.0
422.6,18.75,30.37,114.62,5.63,1.3,Cooked,3.0
382.0,24.28,1.79,587.42,9.83,1.29,Cooked,3.0
341.45,22.11,2.44,572.05,9.98,1.02,Cooked,3.0
445.8,25.04,6.22,193.23,6.72,1.58,Cooked,3.5
261.35,12.48,9.52,110.04,3.3,0.71,Cooked,3.5
280.28,13.59,25.27,82.41,4.73,0.63,Cooked,3.0
286.5,16.83,9.79,49.65,3.35,1.31,Cooked,3.5
243.99,11.39,12.96,384.43,3.13,1.89,Cooked,3.0
259.31,14.52,11.39,94.95,4.88,0.66,Cooked,3.5
207.57,11.16,10.46,73.23,3.89,0.7,Cooked,4.0
215.74,15.81,5.95,45.49,4.45,0.31,Cooked,4.0
190.79,15.24,4.51,2274.24,9.51,0.33,Cooked,3.5
216.34,15.6,6.13,145.08,4.35,0.35,Cooked,4.0
530.03,54.24,0.73,112.45,2.35,0.45,Cooked,3.0
408.23,33.55,7.12,57.11,3.42,0.6,Cooked,3.5
295.15,20.71,2.74,212.28,5.66,0.73,Cooked,4.0
338.58,23.96,4.04,158.44,7.6,1.18,Cooked,4.0
261.92,17.74,1.49,139.52,4.01,2.62,Cooked,4.0
362.44,6.62,26.06,12.67,11.98,7.84,Cooked,3.5
345.26,3.03,25.89,11.7,10.81,7.62,Cooked,4.0
120.81,2.02,10.68,9.29,3.32,2.03,Cooked,4.5
83.29,0.54,6.59,3.88,3.16,2.25,Cooked,5.0
93.37,1.43,6.61,2.68,2.61,1.02,Cooked,4.5
151.57,2.74,8.84,1.03,4.27,3.47,Cooked,4.5
213.19,5.45,31.67,16.85,4.27,1.7,Cooked,3.5
383.33,8.33,26.54,12.33,10.8,4.51,Cooked,3.5
117.29,1.06,13.84,9.64,3.26,1.44,Cooked,4.5
102.18,1.91,0.21,69.59,3.43,1.56,Cooked,5.0
174.21,0.94,27.36,34.94,4.7,1.93,Cooked,4.0
52.54,0.94,0.92,62.79,2.71,1.28,Cooked,5.0
89.57,1.89,7.69,5.59,2.14,1.68,Cooked,4.5
105.37,4.39,11.5,19.52,3.36,2.07,Cooked,4.0
287.36,7.09,43.38,2.53,4.65,2.06,Cooked,3.0
207.01,3.42,30.66,22.29,4.29,2.56,Cooked,3.5
785.08,83.12,0.16,33.17,1.82,1.36,Cooked,3.0
424.03,19.34,29.73,182.26,8.27,6.83,Cooked,3.0
657.57,67.19,0.35,63.87,4.05,2.65,Cooked,3.5
613.39,56.58,0.87,44.01,6.49,4.55,Cooked,4.0
423.7,15.51,45.47,17.24,7.18,3.55,Cooked,3.0
373.82,18.57,1.45,166.36,11.48,7.79,Cooked,4.0
391.9,19.19,15.94,8.07,9.46,7.3,Cooked,4.0
198.91,7.1,2.58,196.59,8.52,4.59,Cooked,4.0
298.8,12.47,21.08,3.56,6.66,4.08,Cooked,3.5
283.96,9.23,1.58,155.93,9.18,8.71,Cooked,4.5
93.37,1.88,0.26,41.67,3.04,2.0,Cooked,5.0
295.11,7.99,0.82,149.63,8.29,8.57,Cooked,4.5
316.25,10.44,1.67,147.82,9.5,7.16,Cooked,4.5
206.39,3.47,3.42,185.02,9.34,5.85,Cooked,4.5
159.53,3.04,1.22,97.18,4.85,4.91,Cooked,4.5
217.65,22.38,0.07,519.29,1.29,3.0,Cooked,3.0
16.79,0.39,0.13,35.58,0.57,0.69,Cooked,4.5
96.91,6.39,1.59,156.02,5.18,1.33,Cooked,4.5
68.35,2.8,9.11,16.64,1.93,0.23,Cooked,4.0
68.49,2.75,9.2,16.65,1.93,0.42,Cooked,4.0
67.82,2.75,9.0,16.65,1.95,0.16,Cooked,4.0
34.18,0.7,5.75,127.45,0.63,1.03,Cooked,4.5
23.38,0.14,3.96,12.65,0.56,0.4,Cooked,4.5
121.3,0.29,29.18,1.97,0.15,1.13,Cooked,3.5
101.18,5.89,8.21,22.69,3.59,0.8,Cooked,4.0
27.28,0.06,5.46,2.57,0.26,0.78,Cooked,4.5
85.64,2.48,5.76,32.02,3.49,1.44,Cooked,4.5
88.79,0.01,23.58,1.16,0.01,0.0,Cooked,3.5
44.16,1.36,3.88,11.95,0.98,0.72,Cooked,4.5
102.18,4.57,12.5,23.69,3.17,0.14,Cooked,4.0
147.94,4.91,12.57,25.77,4.37,0.76,Cooked,4.0
162.61,10.55,13.73,45.97,3.4,1.53,Cooked,3.5
136.5,7.66,10.63,39.45,3.13,0.38,Cooked,4.0
244.57,12.59,20.16,1.7,2.4,1.65,Cooked,3.0
318.3,7.55,23.86,2.67,3.66,1.75,Cooked,3.0
334.64,30.67,4.96,1.89,1.65,2.08,Cooked,3.0
147.63,7.04,14.62,30.12,3.43,0.99,Cooked,4.0
280.99,15.36,15.08,59.21,5.6,3.71,Cooked,4.0
425.19,17.27,32.93,8.15,8.89,4.96,Cooked,3.0
370.55,20.69,9.8,3.06,7.79,0.42,Cooked,3.5
454.15,22.7,19.92,7.51,10.12,5.11,Cooked,3.5
344.57,17.94,30.65,13.0,13.68,1.4,Cooked,3.0
196.2,7.69,15.89,4.22,3.81,2.18,Cooked,3.5
107.18,2.89,15.81,73.61,5.27,0.08,Cooked,4.5
102.79,5.35,10.09,23.92,3.52,0.19,Cooked,4.0
276.79,17.3,15.83,15.4,5.88,1.82,Cooked,3.5
169.65,9.27,1.21,213.38,10.36,1.55,Cooked,4.0
229.42,11.47,1.81,407.44,5.17,2.26,Cooked,3.5
150.2,10.37,1.04,161.88,4.72,1.23,Cooked,4.0
176.64,6.84,3.69,97.97,9.85,3.66,Cooked,4.5
458.56,25.79,16.9,98.24,4.03,5.97,Cooked,3.0
322.54,17.5,3.44,323.74,5.76,1.18,Cooked,3.5
394.48,23.02,23.47,84.71,5.63,0.78,Cooked,3.0
296.4,13.31,2.53,339.58,5.14,2.27,Cooked,3.5
441.12,21.25,40.86,6.06,3.0,0.75,Cooked,3.0
218.4,3.93,31.62,51.49,2.51,1.06,Cooked,3.5
159.42,4.24,14.45,229.9,6.53,5.32,Cooked,4.0
520.62,36.28,24.28,181.68,9.49,3.95,Cooked,3.0
400.49,19.12,38.99,98.45,5.1,2.79,Cooked,3.0
493.32,34.97,22.01,81.06,6.25,2.45,Cooked,3.0
459.43,24.96,22.06,156.53,10.49,0.99,Cooked,3.0
272.48,12.66,19.96,58.25,3.92,1.13,Cooked,3.5
438.29,23.75,32.27,120.1,3.2,0.82,Cooked,3.0
420.78,17.9,15.75,93.11,5.21,5.43,Cooked,3.5
177.38,0.2,45.33,2.81,0.53,1.14,Cooked,3.5
101.24,0.19,25.19,2.1,0.25,3.06,Cooked,4.0
128.93,0.12,33.47,2.06,0.24,0.78,Cooked,3.5
278.58,27.61,0.36,86.38,1.55,3.7,Cooked,3.5
102.69,1.6,2.53,181.83,1.44,8.58,Cooked,4.5
182.29,4.21,30.47,138.86,1.68,5.2,Cooked,3.0
413.62,39.88,2.32,269.12,3.72,5.13,Cooked,3.5
59.83,5.59,0.29,161.31,1.58,2.24,Cooked,4.0
144.64,0.2,36.46,33.04,0.46,1.32,Cooked,3.5
13.12,0.22,0.02,242.36,1.51,1.7,Cooked,4.5
16.86,0.64,2.99,249.48,1.65,1.09,Cooked,4.5
193.26,19.67,0.77,159.18,1.23,1.74,Cooked,3.5
13.69,0.14,2.08,121.39,0.39,0.61,Cooked,4.5
517.26,51.71,8.98,176.54,3.02,6.35,Cooked,3.5
369.14,36.46,0.82,213.73,2.07,2.21,Cooked,3.0
293.35,0.05,74.73,13.71,0.27,0.95,Cooked,3.5
151.51,9.07,0.83,87.02,15.66,0.31,Cooked,4.5
563.7,58.18,0.24,136.37,5.87,0.33,Cooked,3.5
150.24,9.41,0.83,100.45,14.01,0.99,Cooked,4.5
142.34,11.96,0.9,2414.77,9.53,0.41,Cooked,3.5
166.02,12.46,0.75,75.64,12.32,0.67,Cooked,4.5
169.79,9.66,0.16,79.93,20.2,0.16,Cooked,4.5
160.25,10.26,0.23,187.72,16.38,0.36,Cooked,4.0
80.05,5.22,2.03,188.21,4.92,0.01,Cooked,4.0
128.78,8.68,0.05,183.89,12.64,0.17,Cooked,4.0
158.85,11.51,0.1,227.97,13.28,0.39,Cooked,4.0
166.93,12.89,0.41,166.42,11.37,0.02,Cooked,4.0
184.94,13.99,1.1,1740.13,12.69,0.89,Cooked,3.5
127.7,10.87,2.2,160.66,4.22,0.84,Cooked,4.0
224.26,22.48,0.33,75.02,0.64,0.37,Cooked,3.5
278.29,29.11,0.29,69.22,0.56,0.57,Cooked,3.5
105.48,8.46,1.96,142.45,3.98,1.16,Cooked,4.0
78.68,6.7,0.44,120.19,2.05,3.53,Cooked,4.0
94.32,6.61,1.78,65.1,2.41,3.52,Cooked,4.0
255.51,17.55,13.36,177.62,3.34,5.15,Cooked,3.5
205.19,17.72,5.66,486.27,3.33,5.72,Cooked,3.5
143.94,8.38,6.8,256.89,2.97,4.6,Cooked,4.0
103.57,1.12,18.68,76.77,1.07,3.41,Cooked,4.0
338.19,30.26,0.96,50.62,15.33,2.0,Cooked,4.0
262.19,17.78,3.73,163.99,5.02,0.56,Cooked,4.0
84.84,5.76,4.21,125.31,3.24,0.93,Cooked,4.0
72.64,3.24,7.01,195.18,4.05,0.6,Cooked,4.5
71.56,2.43,7.07,189.96,4.86,0.65,Cooked,4.5
77.13,2.92,7.49,161.31,5.58,0.26,Cooked,5.0
177.71,15.33,3.31,292.04,4.86,1.36,Cooked,3.5
186.19,13.49,2.81,434.68,7.56,1.07,Cooked,3.5
123.51,7.37,1.84,131.14,6.38,1.24,Cooked,4.5
182.35,14.74,2.46,120.93,9.07,0.26,Cooked,4.0
109.15,0.48,22.85,75.61,0.88,1.65,Cooked,3.5
230.47,10.96,1.48,1814.66,9.13,24.3,Cooked,4.5
79.42,1.6,0.92,262.81,5.42,5.84,Cooked,5.0
187.16,10.1,1.03,100.26,2.72,1.82,Cooked,4.0
135.93,2.85,1.87,135.57,7.8,4.25,Cooked,5.0
112.23,2.51,1.04,32.13,2.93,2.86,Cooked,4.5
178.5,5.32,0.88,184.16,4.78,5.43,Cooked,4.0
285.96,11.67,2.9,61.36,12.32,6.04,Cooked,4.5
346.16,15.95,2.98,543.27,8.98,7.56,Cooked,3.5
81.98,3.13,0.33,48.28,1.26,0.76,Cooked,4.0
263.3,16.43,0.64,69.97,2.91,0.56,Cooked,4.0
64.01,1.59,0.69,69.64,3.18,2.58,Cooked,5.0
358.66,30.65,3.26,102.78,4.52,3.04,Cooked,4.0
469.81,42.53,9.95,20.14,1.17,0.67,Cooked,3.0
585.64,61.65,0.76,65.31,0.89,1.16,Cooked,3.0
96.53,4.32,2.06,163.89,2.66,1.98,Cooked,4.0
593.99,48.22,0.17,63.31,5.41,2.18,Cooked,4.0
509.89,47.91,3.41,93.98,3.52,2.24,Cooked,3.5
194.91,5.2,1.85,443.39,5.44,5.12,Cooked,4.0
479.8,46.55,0.95,86.5,4.61,2.17,Cooked,3.5
597.79,54.41,11.48,46.39,2.34,1.5,Cooked,3.0
665.67,70.46,4.37,86.87,0.37,0.65,Cooked,3.0
314.63,14.95,25.79,82.96,4.79,2.76,Cooked,3.0
152.46,7.3,15.36,107.12,2.39,1.14,Cooked,3.5
255.59,10.27,23.96,158.74,5.6,2.93,Cooked,3.0
374.14,25.18,18.86,91.36,6.58,5.37,Cooked,3.5
279.46,12.27,24.76,98.26,3.96,2.35,Cooked,3.0
333.59,14.7,33.43,72.55,3.08,0.51,Cooked,3.0
356.35,21.36,18.06,155.37,7.18,2.35,Cooked,3.0
347.72,12.68,28.08,106.36,4.49,0.85,Cooked,3.0
96.04,4.15,1.43,378.14,10.61,0.54,Cooked,4.0
68.91,3.34,5.87,87.08,3.45,0.84,Cooked,4.5
23.05,1.79,0.39,53.81,0.45,0.96,Cooked,4.5
147.05,11.21,3.44,268.69,5.73,0.3,Cooked,4.0
40.05,3.2,1.47,45.5,0.47,1.19,Cooked,4.0
32.25,1.63,0.9,22.35,0.99,0.31,Cooked,4.5
47.85,2.8,1.98,68.03,3.22,0.28,Cooked,5.0
37.32,9.77,1.79,7311.44,6.72,2.34,Cooked,4.0
55.99,12.57,1.45,10918.83,11.26,2.82,Cooked,4.0
108.06,6.26,2.2,219.17,2.27,6.77,Cooked,4.0
194.86,17.62,2.39,179.26,2.38,1.66,Cooked,3.5
74.04,3.06,0.8,41.85,3.32,2.27,Cooked,5.0
118.93,4.58,3.1,49.35,4.91,2.16,Cooked,4.5
99.67,4.62,0.98,46.4,4.15,3.72,Cooked,4.5
55.65,1.13,0.72,63.63,2.91,1.52,Cooked,5.0
111.22,5.36,0.75,79.46,4.63,3.2,Cooked,4.5
68.74,2.47,1.12,37.53,2.96,1.86,Cooked,5.0
207.09,4.8,2.51,308.55,8.24,4.95,Cooked,4.0
609.14,60.08,0.53,53.19,5.12,2.35,Cooked,4.0
708.96,72.11,0.31,28.91,1.83,0.56,Cooked,3.0
294.35,10.28,0.59,97.25,8.5,5.56,Cooked,4.0
435.46,40.25,0.94,139.34,2.85,1.45,Cooked,3.5
115.05,5.88,0.51,92.25,5.4,2.24,Cooked,4.5
28.78,8.28,0.44,7989.07,8.01,3.51,Cooked,4.0
344.67,9.5,1.05,43.31,19.8,13.45,Cooked,4.5
89.53,2.01,2.65,79.73,4.45,2.84,Cooked,5.0
115.17,8.41,4.58,23.91,3.31,0.07,Cooked,4.0
151.27,11.76,4.32,22.59,3.36,0.14,Cooked,4.0
209.69,17.19,3.9,20.45,3.43,0.24,Cooked,4.0
194.76,15.12,4.53,317.38,7.68,0.12,Cooked,3.5
146.85,11.08,3.19,51.54,5.97,0.12,Cooked,4.5
137.56,10.51,3.86,20.94,3.39,0.47,Cooked,4.5
158.58,12.17,4.22,22.16,3.98,0.13,Cooked,4.0
109.18,23.67,0.13,14174.59,11.92,1.69,Cooked,3.5
42.12,2.45,2.94,49.04,0.57,1.36,Cooked,4.5
85.46,7.9,1.04,115.79,1.76,0.86,Cooked,3.5
149.26,10.84,4.22,255.95,4.33,0.14,Cooked,4.0
774.86,84.52,1.44,272.89,1.86,0.11,Cooked,3.0
242.89,24.35,0.83,165.94,1.41,0.06,Cooked,3.0
407.87,42.87,3.1,946.1,1.37,0.46,Cooked,2.5
79.95,3.36,7.12,301.07,5.04,0.1,Cooked,4.5
422.1,23.98,3.18,97.2,6.11,1.58,Cooked,3.5
222.37,14.96,1.5,132.28,5.55,0.56,Cooked,4.0
443.94,31.99,0.81,178.52,4.69,1.25,Cooked,3.5
253.77,4.74,26.33,64.61,9.18,0.69,Cooked,3.5
323.51,0.01,85.35,9.88,0.01,0.0,Cooked,3.0
332.58,0.02,85.57,36.5,1.74,0.0,Cooked,3.5
257.57,0.01,67.46,19.33,1.05,0.0,Cooked,3.5
223.07,0.0,52.63,29.32,5.94,0.0,Cooked,4.5
339.09,3.28,1.52,206.28,10.59,8.21,Cooked,4.5
362.16,5.11,0.63,3.25,15.89,11.66,Cooked,4.5
333.4,2.94,1.31,205.51,10.57,8.84,Cooked,4.5
56.72,3.2,3.34,31.16,2.89,0.79,Cooked,4.5
55.21,1.55,1.61,170.68,2.22,3.01,Cooked,5.0
95.43,2.99,11.35,16.99,2.51,0.71,Cooked,4.5
173.32,4.65,5.46,325.07,6.01,1.09,Cooked,4.0
73.18,1.33,3.3,190.9,3.19,1.02,Cooked,5.0
140.66,2.79,12.23,24.63,5.11,2.37,Cooked,4.5
143.17,4.53,3.71,193.55,5.61,2.45,Cooked,4.5
158.84,1.0,24.68,29.6,4.62,1.9,Cooked,4.5
167.45,5.52,3.79,224.95,7.56,3.74,Cooked,4.0
91.93,0.37,20.45,1.53,0.17,1.48,Cooked,4.0
184.56,0.06,48.88,15.01,0.15,0.0,Cooked,3.5
193.26,0.04,50.56,14.85,0.22,0.4,Cooked,3.5
198.33,0.08,51.31,14.56,0.3,0.41,Cooked,3.5
194.66,0.17,50.84,14.81,0.17,0.58,Cooked,3.5
195.02,0.05,51.08,14.84,0.16,1.06,Cooked,3.5
170.34,0.21,42.53,16.19,0.54,1.07,Cooked,3.5
188.79,0.32,46.76,2.71,0.14,1.29,Cooked,3.5
178.89,0.19,45.25,2.67,0.31,1.0,Cooked,3.5
149.18,0.15,37.44,2.45,0.32,2.2,Cooked,3.5
115.74,0.25,27.38,3.36,1.11,6.61,Cooked,4.0
104.17,0.13,25.09,2.31,0.66,1.97,Cooked,3.5
175.24,0.16,44.83,19.53,0.32,1.39,Cooked,3.5
123.16,0.03,28.61,216.89,0.14,0.0,Cooked,3.5
195.71,0.27,47.99,5.4,0.69,1.67,Cooked,3.5
192.12,17.89,1.79,3429.94,1.6,3.68,Cooked,3.0
211.2,19.68,2.77,2488.32,1.9,2.76,Cooked,3.0
69.54,0.21,14.63,6415.9,1.22,2.13,Cooked,3.5
177.11,0.29,43.9,216.81,0.47,1.37,Cooked,3.0
193.13,0.16,45.22,480.68,0.51,2.17,Cooked,3.0
34.33,0.27,5.69,174.79,0.81,1.79,Cooked,4.5
20.62,0.25,2.32,244.99,0.75,1.56,Cooked,4.5
254.21,10.97,1.79,58.33,9.89,35.56,Cooked,5.0
222.58,9.91,0.79,11873.64,8.19,18.62,Cooked,4.5
389.02,31.03,2.41,3106.14,8.26,12.12,Cooked,4.0
267.96,11.8,1.91,38.78,12.04,35.71,Cooked,5.0
297.46,15.58,1.87,27.66,12.5,34.56,Cooked,5.0
610.93,66.12,2.18,256.95,1.44,0.42,Cooked,3.0
121.93,4.51,18.88,504.95,0.96,0.69,Cooked,2.5
111.04,7.05,4.63,88.84,3.46,0.56,Cooked,4.0
46.06,0.27,5.36,1037.04,1.25,1.77,Cooked,3.5
238.78,3.56,1.07,182.07,6.21,1.65,Cooked,4.5
43.69,1.62,0.13,117.74,2.2,1.08,Cooked,4.5
736.81,78.77,0.49,177.58,3.34,6.01,Cooked,4.0
137.52,11.98,3.51,31.33,1.26,2.12,Cooked,3.5
552.59,54.3,1.14,8.9,4.73,9.74,Cooked,4.0
252.74,0.07,17.65,105.81,0.13,0.0,Cooked,3.5
152.13,0.21,38.18,2.14,0.1,0.86,Cooked,3.5
143.76,0.04,37.29,2.16,0.23,0.43,Cooked,3.5
211.17,0.1,55.02,12.71,0.16,0.52,Cooked,3.5
14.07,0.24,1.0,7559.38,0.85,1.07,Cooked,4.0
139.01,12.98,1.07,3507.59,2.24,4.62,Cooked,3.5
60.88,3.24,4.31,1281.94,1.26,2.2,Cooked,3.0
91.21,6.55,3.04,2067.33,1.98,5.08,Cooked,3.0
176.07,6.01,30.02,823.65,0.97,1.49,Cooked,2.0
33.07,0.3,4.68,177.97,0.91,1.9,Cooked,4.5
289.79,22.16,1.4,51.43,18.26,18.4,Cooked,5.0
